-- phpMyAdmin SQL Dump
-- version 4.0.10.7
-- http://www.phpmyadmin.net
--
-- Host: localhost:3306
-- Generation Time: Jan 14, 2016 at 02:29 PM
-- Server version: 10.0.22-MariaDB
-- PHP Version: 5.4.31

SET SQL_MODE = "NO_AUTO_VALUE_ON_ZERO";
SET time_zone = "+00:00";


/*!40101 SET @OLD_CHARACTER_SET_CLIENT=@@CHARACTER_SET_CLIENT */;
/*!40101 SET @OLD_CHARACTER_SET_RESULTS=@@CHARACTER_SET_RESULTS */;
/*!40101 SET @OLD_COLLATION_CONNECTION=@@COLLATION_CONNECTION */;
/*!40101 SET NAMES utf8 */;

--
-- Database: `wwwwavey_data`
--

DELIMITER $$
--
-- Procedures
--
$$

$$

DELIMITER ;

-- --------------------------------------------------------

--
-- Table structure for table `favourite`
--

CREATE TABLE IF NOT EXISTS `favourite` (
  `id` int(11) NOT NULL AUTO_INCREMENT,
  `userId` int(11) NOT NULL,
  `spotId` int(11) NOT NULL,
  PRIMARY KEY (`id`),
  KEY `userId` (`userId`),
  KEY `spotId` (`spotId`)
) ENGINE=InnoDB  DEFAULT CHARSET=latin1 AUTO_INCREMENT=22 ;

--
-- Dumping data for table `favourite`
--

INSERT INTO `favourite` (`id`, `userId`, `spotId`) VALUES
(1, 1, 1),
(5, 2, 4),
(6, 2, 6),
(7, 2, 11),
(9, 1, 15),
(10, 1, 5),
(11, 1, 4),
(12, 1, 3),
(16, 2, 2),
(17, 2, 1),
(18, 6, 2),
(19, 6, 1),
(20, 7, 1),
(21, 7, 2);

-- --------------------------------------------------------

--
-- Table structure for table `issues`
--

CREATE TABLE IF NOT EXISTS `issues` (
  `id` int(11) NOT NULL AUTO_INCREMENT,
  `userId` int(11) NOT NULL,
  `spotId` int(11) NOT NULL,
  `airdata` enum('Innacurate','Good') NOT NULL,
  `seadata` enum('Innacurate','Good') NOT NULL,
  `cam` enum('Down','Good') NOT NULL,
  `resolved` enum('true','false') NOT NULL DEFAULT 'false',
  `loggedTime` timestamp NOT NULL DEFAULT CURRENT_TIMESTAMP,
  PRIMARY KEY (`id`),
  KEY `userId` (`userId`),
  KEY `spotId` (`spotId`)
) ENGINE=InnoDB DEFAULT CHARSET=latin1 AUTO_INCREMENT=1 ;

-- --------------------------------------------------------

--
-- Table structure for table `region`
--

CREATE TABLE IF NOT EXISTS `region` (
  `id` int(11) NOT NULL AUTO_INCREMENT,
  `name` varchar(80) NOT NULL,
  `country` varchar(80) NOT NULL,
  PRIMARY KEY (`id`)
) ENGINE=InnoDB  DEFAULT CHARSET=latin1 AUTO_INCREMENT=4 ;

--
-- Dumping data for table `region`
--

INSERT INTO `region` (`id`, `name`, `country`) VALUES
(1, 'Western Cape', 'South Africa'),
(2, 'Eastern Cape', 'South Africa'),
(3, 'KwaZulu Natal', 'South Africa');

-- --------------------------------------------------------

--
-- Table structure for table `spot`
--

CREATE TABLE IF NOT EXISTS `spot` (
  `id` int(11) NOT NULL AUTO_INCREMENT,
  `name` varchar(80) NOT NULL,
  `regionId` int(11) NOT NULL,
  `coord` varchar(80) NOT NULL,
  `webcamURL` text NOT NULL,
  PRIMARY KEY (`id`),
  KEY `regionId` (`regionId`)
) ENGINE=InnoDB  DEFAULT CHARSET=latin1 AUTO_INCREMENT=16 ;

--
-- Dumping data for table `spot`
--

INSERT INTO `spot` (`id`, `name`, `regionId`, `coord`, `webcamURL`) VALUES
(1, 'Big Bay', 1, '-32.312794, 18.336365', 'https://www.wavescape.co.za/plugins/content/webcam/newfetch.php?pic=bigbay.jpg&rnd=1223636912&tmpl=component'),
(2, 'Elandsbaai', 1, '-32.312794, 18.336365', ''),
(3, 'Yzerfontein', 1, '-33.360375, 18.154366', ''),
(4, 'Melkbos', 1, '-33.716563, 18.440679', 'https://www.wavescape.co.za/plugins/content/webcam/newfetch.php?pic=melkbos.jpg&rnd=38710165&tmpl=component'),
(5, 'Blouberg', 1, '-33.796396, 18.451789', ''),
(6, 'Milnerton', 1, '-33.866019, 18.485382', ''),
(7, 'Llandudno', 1, '-34.008105, 18.337986', ''),
(8, 'Muizenberg', 1, '-34.109224, 18.474025', 'https://www.wavescape.co.za/plugins/content/webcam/newfetch.php?pic=mbcorner.jpg&rnd=820170655&tmpl=component'),
(9, 'Longbeach', 1, '-34.136534, 18.329047', ''),
(10, 'Kommetjie', 1, '-34.138699, 18.305845', 'https://www.wavescape.co.za/plugins/content/webcam/newfetch.php?pic=kom.jpg&rnd=2095245906&tmpl=component'),
(11, 'Jbay', 2, '-34.070259, 24.925639', ''),
(12, 'St Francis', 2, '-34.196780, 24.868659', ''),
(13, 'Mossel Bay', 2, '-34.161568, 22.121883', ''),
(14, 'Umhlanga', 3, '-29.737174, 31.088068', ''),
(15, 'North Beach', 3, '-29.849191, 31.039359', 'https://www.wavescape.co.za/plugins/content/webcam/newfetch.php?pic=newpier.jpg&rnd=633324471&tmpl=component');

-- --------------------------------------------------------

--
-- Table structure for table `users`
--

CREATE TABLE IF NOT EXISTS `users` (
  `id` int(11) NOT NULL AUTO_INCREMENT,
  `username` varchar(80) NOT NULL,
  `email` varchar(255) NOT NULL,
  `password_hash` text NOT NULL,
  `profilepic` text NOT NULL,
  `site_form` varchar(80) NOT NULL,
  PRIMARY KEY (`id`)
) ENGINE=InnoDB  DEFAULT CHARSET=latin1 AUTO_INCREMENT=8 ;

--
-- Dumping data for table `users`
--

INSERT INTO `users` (`id`, `username`, `email`, `password_hash`, `profilepic`, `site_form`) VALUES
(1, 'Cameron', 'cameron.w.sanders@gmail.com', '$2a$10$10baa907d39f64a1a511cu8MkSyonLrqsmqN22bW.w2qpdcYt4Kky', 'iVBORw0KGgoAAAANSUhEUgAAAPoAAAD6CAYAAACI7Fo9AAAEJGlDQ1BJQ0MgUHJvZmlsZQAAOBGFVd9v21QUPolvUqQWPyBYR4eKxa9VU1u5GxqtxgZJk6XtShal6dgqJOQ6N4mpGwfb6baqT3uBNwb8AUDZAw9IPCENBmJ72fbAtElThyqqSUh76MQPISbtBVXhu3ZiJ1PEXPX6yznfOec7517bRD1fabWaGVWIlquunc8klZOnFpSeTYrSs9RLA9Sr6U4tkcvNEi7BFffO6+EdigjL7ZHu/k72I796i9zRiSJPwG4VHX0Z+AxRzNRrtksUvwf7+Gm3BtzzHPDTNgQCqwKXfZwSeNHHJz1OIT8JjtAq6xWtCLwGPLzYZi+3YV8DGMiT4VVuG7oiZpGzrZJhcs/hL49xtzH/Dy6bdfTsXYNY+5yluWO4D4neK/ZUvok/17X0HPBLsF+vuUlhfwX4j/rSfAJ4H1H0qZJ9dN7nR19frRTeBt4Fe9FwpwtN+2p1MXscGLHR9SXrmMgjONd1ZxKzpBeA71b4tNhj6JGoyFNp4GHgwUp9qplfmnFW5oTdy7NamcwCI49kv6fN5IAHgD+0rbyoBc3SOjczohbyS1drbq6pQdqumllRC/0ymTtej8gpbbuVwpQfyw66dqEZyxZKxtHpJn+tZnpnEdrYBbueF9qQn93S7HQGGHnYP7w6L+YGHNtd1FJitqPAR+hERCNOFi1i1alKO6RQnjKUxL1GNjwlMsiEhcPLYTEiT9ISbN15OY/jx4SMshe9LaJRpTvHr3C/ybFYP1PZAfwfYrPsMBtnE6SwN9ib7AhLwTrBDgUKcm06FSrTfSj187xPdVQWOk5Q8vxAfSiIUc7Z7xr6zY/+hpqwSyv0I0/QMTRb7RMgBxNodTfSPqdraz/sDjzKBrv4zu2+a2t0/HHzjd2Lbcc2sG7GtsL42K+xLfxtUgI7YHqKlqHK8HbCCXgjHT1cAdMlDetv4FnQ2lLasaOl6vmB0CMmwT/IPszSueHQqv6i/qluqF+oF9TfO2qEGTumJH0qfSv9KH0nfS/9TIp0Wboi/SRdlb6RLgU5u++9nyXYe69fYRPdil1o1WufNSdTTsp75BfllPy8/LI8G7AUuV8ek6fkvfDsCfbNDP0dvRh0CrNqTbV7LfEEGDQPJQadBtfGVMWEq3QWWdufk6ZSNsjG2PQjp3ZcnOWWing6noonSInvi0/Ex+IzAreevPhe+CawpgP1/pMTMDo64G0sTCXIM+KdOnFWRfQKdJvQzV1+Bt8OokmrdtY2yhVX2a+qrykJfMq4Ml3VR4cVzTQVz+UoNne4vcKLoyS+gyKO6EHe+75Fdt0Mbe5bRIf/wjvrVmhbqBN97RD1vxrahvBOfOYzoosH9bq94uejSOQGkVM6sN/7HelL4t10t9F4gPdVzydEOx83Gv+uNxo7XyL/FtFl8z9ZAHF4bBsrEwAAAAlwSFlzAAALEwAACxMBAJqcGAAAAmxpVFh0WE1MOmNvbS5hZG9iZS54bXAAAAAAADx4OnhtcG1ldGEgeG1sbnM6eD0iYWRvYmU6bnM6bWV0YS8iIHg6eG1wdGs9IlhNUCBDb3JlIDUuMS4yIj4KICAgPHJkZjpSREYgeG1sbnM6cmRmPSJodHRwOi8vd3d3LnczLm9yZy8xOTk5LzAyLzIyLXJkZi1zeW50YXgtbnMjIj4KICAgICAgPHJkZjpEZXNjcmlwdGlvbiByZGY6YWJvdXQ9IiIKICAgICAgICAgICAgeG1sbnM6eG1wPSJodHRwOi8vbnMuYWRvYmUuY29tL3hhcC8xLjAvIj4KICAgICAgICAgPHhtcDpDcmVhdG9yVG9vbD5BY29ybiB2ZXJzaW9uIDMuNTwveG1wOkNyZWF0b3JUb29sPgogICAgICA8L3JkZjpEZXNjcmlwdGlvbj4KICAgICAgPHJkZjpEZXNjcmlwdGlvbiByZGY6YWJvdXQ9IiIKICAgICAgICAgICAgeG1sbnM6dGlmZj0iaHR0cDovL25zLmFkb2JlLmNvbS90aWZmLzEuMC8iPgogICAgICAgICA8dGlmZjpDb21wcmVzc2lvbj41PC90aWZmOkNvbXByZXNzaW9uPgogICAgICAgICA8dGlmZjpZUmVzb2x1dGlvbj43MjwvdGlmZjpZUmVzb2x1dGlvbj4KICAgICAgICAgPHRpZmY6WFJlc29sdXRpb24+NzI8L3RpZmY6WFJlc29sdXRpb24+CiAgICAgIDwvcmRmOkRlc2NyaXB0aW9uPgogICA8L3JkZjpSREY+CjwveDp4bXBtZXRhPgrs5oxmAABAAElEQVR4Ae29Z3ccubKmC3rvPeVtS+32OTNr7lr3l8/X+/GumTXn7H32bqNutbyjEY3o/bxPRKIqSVaxsqiiEQlIxcrKRALISLyIQCAQ0fQ//7/fDkJKiQKJAleaAs1X+unSwyUKJAoYBRLQU0dIFLgGFEhAvwYvOT1iokACeuoDiQLXgAIJ6NfgJadHTBRIQE99IFHgGlAgAf0avOT0iIkCCeipDyQKXAMKtF6DZ0yPeMYUMG7RVLmS/WSOVZkw53w2Af2cCf6tVddcAMB7PNQ+fxzV9pc/ure5qUoBZE/p3CiQgH5upL7cFTU35WdxQq2ACnb3xJIjcO07Y9GO46aQvy1iurW5JdixMu0d2AhwuR/+GrQuAf0avOTDj9gsLpudOdBB00HYFxj3wLa+D0pAPhCImyxvq1Db3NISWlqbQ3tbS2jV+ZY2Hbe2hjZ9t9m5Zl3XtVZdU/5WnVtb2w6//zUXdvf2HPiHG5J+nSMFEtDPkdgXVVWeW4Pj3X0Bek8H/l8gFpCb90ObwNze3hI621v13Ro6OttCV0ebfut8R0toi8AG9LqnVjo4ODCQ18qXrp89BRLQz57G516Dc2xE8X1xawFbHHU/49TNuoho3drVHLoBcle7ffd0C9D63dneZiBvLQDk+GDCc5YkHUgyYBDY3d0Lz18uhH0NKC3i8ildLAUS0C+W/l9Zu4OZQiLXRgzfFbj293eNY8Ot4c5w5h6BurdXn66O0N3VasBubzu5CxiGS0jOAHv4y8RyuHeTRHYx+7C9sxd+fz4bPi+tJpB/5Rtu1O0nv+VG1ZLKaTAFNM+mRAB30Gxz7B1xUMCGlrtdXLlLHLqvpz0M9HQJ3B2hp8dFcL/peHMcy5E1S8mWB3P8cfy20hlATppfWA/PX82Fz4trNqcvZUgHF0qBBPQLJX/9lbtYLqFcMvL+Loo0ROPm0CtQ9wvQg/1dob+vS8But7l2pRryoI4AdZxm6K50U4Fzr98thD9ffg6bWztSxuW1+AVuTlnOlAIJ6GdK3sYVDsCZZu9ILD/Y2zVw9wnYQwNdYXiwOwwI4N1dbSY+52u1xTHdxyJXs0QAAN0IUMc6GDQo79P8Snj213zYkdjeIYli78BW12O29H3BFEhAv+AXULl654YObnFuIZx5N/Pt3s72MDTUHUaHesS9Ow3cR8XxMscG2CBbCrLKFX3V2Tgv5/vdhyXNzXcF8tYE8q+i6tncnIB+NnT9ilIBuZCpta9dLW6zDAZ4Bke6wvhoXxgZlFje3X6sfAe3c9dGcuxjFVU4sb6xEzb0YSCKs/wK2dKpC6RAAvoFEj9ftXNvQI7xijTYOuoR9x4b6Q2TE31hSKJ5nE/7fRLKM1Rx3sGdL/E8jmmlDy60ZX9P7RDYU7p8FEhAvwTvBJDv7Ut7Lg7e1HIQBqRMuzHeFybG+jPRvNxIB7cvZV0MuMttsfU7DUndWrYbG+sJK2tb0iHshlatsbHMl9LloUAC+gW+C9a+TcEmBRaWaYODneHmVH+YEsAPrW+LW8K8AbaD+3JwzbyE8eTBuCznWsKLV66Q4xjpZN8XAu34Akl97atOQL+ALgAHZ/2bOTgJjfmtG/1hWgBvyxmwwL0N2ADccl7ePxLaw8M7ozbd+P3FfFhb3zK79+Ymt867vC2/Hi1LQD/n9+xiuta/ZZbapeWwm1MD4faNQTM9pSmXSzQvThwflA7C1ER/6JH13e/P58Lc/GrY1wO3trhRT/HSUs5GUyABvdEUrVJeNB/Z2XHb7+mp3nD/1qjm4512B0tU8O3LJJpXeZSKp2l3HKT6ezrDf/thOjx/vRDevF+0tXUX5V2Yr1hAOnmmFEhAP1PyeuE+F5cN+s6+rNc6w707I+GW5uJRIHdueNmF89qEinN2nqdVc/QnD8bCoAayP1/OheWVTRn5tIaW5sTda1Oy8TkS0BtP00MlYpW+x7ZQ9f5pLZM9uj8mG/QyF7+4pbFDzWzoD+fuvjIwqdWD/r6O8Oerz+HDzLK4+4HtX09a+YaSvGZhCeg1SXT6DHByFG7N4mIPbg+FB/dGzSmDi+ko2r59Ll6NOhHsXGf57W9PJ81c96/Xn+WQQoo62cKjr2DVIaWzp0AC+pnQ2Dsxdt/s7378cFSi+qDVBMivMsDz5IzPGZ/59vSgifLPtQT3cXZFijqJ+LbmHu9Ka++REo3+TkBvNEW1bMZW0R3ZfbOD7IfHk2FsuMdqiR2+0VVezvLK0gqAZ95O6tec/W/fT9mS4gsp67CPN0Wdru/bLW4d6LnT30ZRIAG9UZS0cjKQ7+5aR/7xuwnbNoq5Cx09criGVvmNFGaivNrKYNciLv5ACkkUk89eSFH3BUUdu+t8bSLx9ca/1AT0BtKUOSecfEBbR//t++nQq80ndGzSdQZ5JLExbOPuPn0ZG+kRjdrkQHI2fJhbCQcyrkErn3bGRIo17tuH0MaVd01Lghc123oxVm4onhzkDvAE8sPdwkR5nWIMxGfdzz9MhUd3xsz6D/920S0WPD6lxlAgUfIr6QjA2bC1u7tv4EZcZ/nM5+NfWfgVvh3ubuK8wN7S1BIe3x8N30ufgQvpXWz/E8gb+vYT0BtAzh1xoY7OlvDDd5M2J08gL05UB7tPb9DK/yxpqFOmwfjAc2cZqYsWp2b1nImK1WlT8woiJi6TcKHM7q1R0657pxW/qnl/yuAUMFE+02XgXONvMp/FB96OpCT0Hil9PQUS0L+Chlh30T+xWb8xOWAlHSj6SZqT109UB7vfNzLQHX58OiXO3mp6D5+zq6tq6TKl01EgUe50dDNOw1xyfLTXloooJonspyRmdlucs+PQErB//3DCfNKbgs7ypIW301I4Af0UlPNltP3Qp3Xgx7JdJzKJgzzJmacg56FbALsvrx0E7OQf35M2XicJ1ljWxh+6Jf0oQIEE9AJEymeBYPiLwBHivdsy+ihp2BPI83T6muO8GH/n5mC4IyXdvrxHJ35+eqomoNdNOynghPSxkb5wQ04jPCWQ103GGjc42F2xef/uqHzXd1k8t6Scq0G4KpcT0KsQptJpREcikRKg4M70UGknmomblW5I576KAhHsRHe9d2s4dCgUs/m3T+Nq3XRNQK+DZKZl177KseFecXTfqGJWH3WUkbLWSwFHNfP18bFei9+etrbWS8NkY1iYYoiMRExpE1e5Mdlr95kCrnAJKeNpKOCaeBfhb2muTmhnQjMnxVx91EwcvQ56HQjoBDIc0tKPpyRD1kG+U2dFhCcNi+4jgz3G1V0zn7pvUaImShWklImLYusENMQfGjwmzc0LEq8B2ZCeSJNjfSZV4Z4rdd7ihE20KkArxHY6Wpv2URPY0JJ1PO98BYpIWRpEgeEhjz3HNCql4hRIQC9Eq2YzdUX729vTkbsjie45YpzpYRTfiWATXWQTByalYhRIQK9JJ5FIzINQYuyq6pIyiBQ7Xs3bU4aGUSCT3uXYozuzRkxKuaLETUCvQSkIhJQI7+4WyBPAaxDsHC73a2cbnD0C/xyq/OarSEAv+gpFqR55QyGl2WFRojU4XzZTYsDt6BDQ0zy9MIET0AuQSpHSbLcanctSYiUFqNb4LFEjgi1DfBcpEEQxOieg16STJudi4fgfb1cH8xS7XM2bU4YzokB3B7qSJFsVJW8Cek1KSeOuf82KCFoGes2bUoazokCGbZSiTdkOl9SJaxM70ag2jSxHizoVhjIpXSwFGHRJrUhXEqxsFpUErJovJQG9JonI0CSO3qKIIlmPSh2rENXOJpMTv0Ox21qbGXiT+F6EzgnoBaiEdpfuFUXFhPMCRDvjLER7MYvFM67nqhSfgF7jTUbbK03RlRK5apDr3C4L5z7wJoZeiOap59YgU7OW1uQRTrHBWhQuKPHyGuQ6+8vZK2hToAfcbKdUjAIJ6MXoZKJ7wawp21lSIOPgCeL1ETkBvSC9koRYkFBnnS1DeHof9RE6Ab0QvSL/SN2rELnOMlN6BaeibgJ6TbJlJIpYr5k/ZThTChx6D4d+nGm133rhCegF3iBM5GBXFu9RBV/gnpTlrCmQQF4PhbNdGvXccr3yKpSapV35cmdzi4L8NpQA5f0xUSZVhf6/ofWcd2H+XPGZqL1Bz0WRKgoLuXzp5/1831p9Ceg13pj6VAOT99Lo/4y97WW/c8drimD5FvbAx2cChTyTP9fxZ4KYcXDzPBly66TyrsIqHyQRqzDVEtBrkSpjG/71dTOdSsAFIDsK1khgAlKrzGxtzV4oyIMlAulygV5cNaPP0XbtKWb8jp5pn/hVAj/P1SZbhPzgxjPZUFB5PDB6VPuzr3vx+pNSMQokoNeiE9xJ+N4X99hX5xUKTWSst29ap3bkKu73Xvi8tB4W9Vlb3zGgc04W9fJwKhvu1ma5rGq1II74R8PFdB5IgCsrqlbrz+y6tyEORopHJ1Avr26EL182w+radtjY2lEIpQN9QOO+gby9vcV87uEuG2+6BKck1fc8jCwyYVKxJrzX+yKsxuv3JwG90Dv3aKnM083HjPe1QneSKYICsL/9tBzef1wOK6tbAjggyFhibviIHR8gdMghZZ/APjbUHSYUraRT4aAiyGO+wg1pQMZYZ2zD2vp2+DS/Ej4vruuZNsO2pJN9gT7m8yozgvHVshraW5bC4EBnuHVjMEyO9tnzHM5fu6FIDIA94bw2rciRgF6LTobDCMasWxXuXbpP/+HG65s74dnzOYHii4mzTc3NCAfamEFhcUogqYFbss+euOHqzlZYWdsKs7Or4c37JQslfHNqyDg+t5pIr2/x1lpPcrrragtF0yYeJkoWK+Labz8uhJm51bC2tqN2YyrszhqJNMsP2udWqlGB6c+3s7cbZhgcljbCrak1hZ4eFcfHBxzlU4/94aBqQoJIXmCrkufYhQT0YyQ5ciLreOh9UACFIM8mWec/kvPYT+dSTQLqZviv3z6FxeV1iatyYNHaFg6a1FEFDnd7Bmdn22Vr6JK7KsT3FrbEqh4it25t7Yat7T3dvxk+L28IYMvh3s0h44h4vvFUsFHHWlnjhDUjArwpbG7vhFdvl8Lb94thbXNLgSZbTero7GiWe6d2986qhu9KWkH3sKXPnj0kz+jJ2qyxbfdgL7x8sxA2NAj+/GQytEtaKYM95j767YMAwS55J3HgOZor/T5MgQT0w/So+gvlD5+iKYJ8c3M3/Ov3mbCg+XiHPJfSTSV0CsTljh/LpJObYk7BwDsPWkN3d7vm5+2ht7vTOB3z3mXNgT8vroXfX8yJK66Gh3eHw+hwn4qg5MaD3YEH2g/Ch5kv4a/Xn8Paxrbm2p3hxvRAGOztNIDuq80r61vhy+q29A7b9hwWZKECyRjgmtFHNCnijcbNT5JWWppnws9Pb5TcODtnj5TJf/szEi/dnrd6xvxN1/44Ab1GF3COq0ziwEWTdUXHRnj2ct7mr8y1jUMDcDBZIe2p9/I52AnictthcWU9zM61hC55nx0Z6glT470SdQcNdEsrG+HT3JrE+eWwvrUXphWq6Cw84MAxt8XF33/6IoliI0xNDoSJ0Z7QJ6AzCHxepB1fNJCthU1x5l0jWDaR0HPao6LNzCcRaL9JYD/Qecn2rW1NGkRWQk/3vMT4sUx8z99QPo643snm6JoBGV3LOdJRJQokoFeiSu4c21QxmkHBtGMa5NzFiofZkpG6+LtPSwLIors9Ut598fLqvbg8ANCZ45wbEXX5y0ZYktiPuExIotuKKjouJdZgf7dNJ5bE5VGCOdCd41VsWt0nvSzE7/6+rnD39nCpXR9mltWe5bCguvd2d+WBBw281g0qbh09Ir0Y+h3sDH5ERt1v3g+v9Xwjw1kgRQ0iDuosc2x79ni+bOcnj5Qec6bvHAUS0HPEqHhIP1PnghET2K9WOtCoQAfd3tkJr98t2X2mnNKNhxVvsaQ4T4+/D39TFuvPJOpHzJ1bWAsTI70GPCKMjg4Tqx1Nd5xLW/YG/PHVBrh3yMLBz0qJ9uLtgk1FNMU2XUKrpiSeTqaPjwFHuLuGP1KrdBfb0kO8fKPBTM/EoKHHycDupdtfR78tUZZ0mLnL6bAyBeIbqnw1nS1TQIA72kXLF8tHTSbiN4WPM2umhEObTI/d00gBEA/2d0uZzTUV5arz5kFw1Fe5a5eloENTL8wDeObLC9Ja37kxFO7dHhQ351UeXdYqVXWqAx84/FYUZi80P0eEj9JDM2uNcFglb6Mfx78xhjnPA2gR60UJZc5uEkGRXJokxtuzaUBb1DOhyZ/UUuJJyexwKKeiBHHSndfzWgJ6wfeOwUy0Xqt2C92YjsvSz4fZZVdINdOpsXaT8gnxVkAVti3RT5kS7Gq+aWVrkGDOifhr4qzhocwlDUya18LU2jXn35bI/MfL2bCkufx3D8dDP5xXqRGcPV/GvCSIZ1L+YeDDc2D4gqjieD08/KFk4wEBN8/lQhDusjUX1yiFbUDGlG2MQCrYlV4CJSQndjQifJTUANBjPnuoI392dxgwIyWPXEw/j1EgAf0YSY6foDvRqX2Z6Pj10hmAqcyItyyl9Sjy6pDCLKOh7lGARoxdUDzxj8Scf0tg3djYCRvSVGNRtipLuS0pv6SWM1A0C/nO4SPg/ZtzAIe5LRxwXWV8/2g8jI0AEBe5+T5NyoP87cclW//flMa/vd1B7e2JJcd2wVybTdrY39GAp7GgQ8/bq5UDPj36dCroQntHi5YRYzm+DLeh512Txp7nh6PPz6+FxS/rol13lUGLFZBYf/ouQoEE9CJUUp4ikHFcwaH3w8M7Y2FyrFdmrIfNV0+qbnt7N3wR4BcW1m0e/kUmpdviXJjEIqEe7dwRcHB3QPKPXz+Fpw/3wg1p5k8L9jzIn2vF4Pmb+cBsgzpifUefIQLc2qr5+uhwZxgd6QlDMnPt626TXUCxboa127IsBmcF9B3RglRpsGIagDFRSsUpUOwNFC/v2uc8EKedmtBSV8mQxUkCgCypf5a6qBib8TaBGC4PmEb5CCC3tEY9J8C/F0eFu7H23iaF1VGwUybiMdFFt2TQ888/ZqUPCKaZrwQSb0Tlv3mQs07PnJzBi1hne7H9uVvj4LOjwQjRfEJLfDcnBwX0brsnl9U4M7/t2TMC2LPbHNuViLhwRhHHx42ToNnxIZbb46AT20DZKVWnQAJ6ddr4FfW1DKL6XT6qfBvzT4mmEltJDm7O5TiTrmWXPVPubxwMACghh24L7JNas2Yp67XMXzE7ZReYz9/V3SMOVP6eJrvtAsqO5rvP/poz67qpsX4aQeW5WqofxmyvpFV/+UYgFxJb9TyU7UOSQVODk+pGTJfkwnSGTSp3Zak3IQkmP8DlnycOOvbsxwjg7fOxxEF/kk2AxtIsRQLE3+m7GgUS0KtRpnSezo3TiVogL91Qwlbs3OUrJx/l80fuCpe/e2tEc++e8Pz1QngvbTtWaBalRPiI2m6MT1BqEWxidWs7zGgZzoAu9BbBuudxReL72ZWwKSOcDinddpukK2Cd25rOX+ihugTyZkVKuX+rP9zX+jr6B1IerPnnsYs1/vhAU31QirA25aVr+Xywq1Fuupw2tRToA+7XnU62i2ZYKXI++1HhT63rFW45diqCxAGvZWyZwf7t6VQY7OsOf2rujMIOkTpgXabGIcpiKtvZ1Wrz10lZ0cVUpD0xD1rxG9J4s1jQJqBjzoqVnrF3A/m+tP0HsozrCI8fjoUpGe7EFAcnZY6nGvudId3iou8z4KgequJ8SidSIHH0E8nDRToUSYDP0JD1Nz99xn+9TtbHXaS9c3NQWvz28Osfn2RXvuXGNOrsOHlg2eunx5OhrUPLeai9T5nu3tKGGYni6yr/P395r0FE+gFNhpmns798TAY6Tx9PHFvOi/Q5ZbWFb2NKwftIqTgFYi8ufsd1y2nMybdg4vnF0hlzkHzxPmVgnu8iOPWPaG/6f/vpptm/72h5jvEHZRgbXtDUA3IGhtMlH8ZaVCjOMVa1gYV1/QPN0/ek7LsxMRj+/ccbOZCLqdoAeLi+09dfoNUR46n3FiCWZ0mkqkkqetXhTlzzljoygMf8h7oEq3IJdh2O7qc874GtS//t+ynZhveapVqL5sssb7E5hJQfGPzOYn9jzWi9P2qujuILI5gdievsVvv56YRp+AHy4TbxHPFu6qc+z+Nt9ucs1oqUq9EUSEAvRFHrtYVyFs1knV+ZAUT+o1+cLRUDYP1TzofYypozmnnm7aMCO/oDoggva1cb+989lYFXKrDWQXYLBj+rmp9jpou4flMbaX56PCUjHmnhVTcp3+7YznLx/hyH8ySwl+lzvkdpjl6A3qeAy4mlAnIAEBOcGMs29ptvbUnZpQ0xrJezmQVHFJ0CdK8MT1grJ7GExzI9praA/eenk3Js8THMfV41Jw4LcutkG1FiBQW/eU4NK5Z7fnHTjFY4d0Nr4z9o7o+ijnk6YM8nLNvW5WUGBxk8w4408oj+7Wo7mnueoVtbbd05pN95lAb58tJx4ymQgF6LpvR0JVw/RdNNP3Oavy7Kwv0Qa+dlEPNhVvu8cRKpubBWx2w3WJO0TSZqZYMB+dulYe+TEg6nisMySMGuHeCRAPuP301KcfZBZa7I9n0z3BaSuM/Ba9mK/VGRGMAsy0hnW5z8xtRA+P7xmNbHvS4ADNhXVMf8ZzdVxWwXjzJ6OtWhfLrOKgCDFdtJsY/vzfbU35jsDwP9XTbQIeobKXISzMmN9PL5S/IW+XH6ezIFEtBPpo/3JvUsLLCOMLLsTu98tYrhOlZzcGPmv89fz9uWTFwz9fd2BfzADclhYk+nOJ9syvHOgvNIXEiRZ2Vl2xxKzi7Mh+aXTbYv/aZAMybvMgAeW/LvpQn/P//YNkcXG/Js0y37ejTmgLNIinnxTItjC9rzwyOfk3M/A8AnebV5//GLDSbQhHpRDrLchnONDtmyt4lQaMa3tBaPu6lFSQezkjaeaQMOu98e3RuRbcCQD0QlsJ/cwkPzf8vabPqD0qLIybdf+6sJ6DW7ALzVl9bYYFItAUY4fjWLLvVnAzkd9ndZrv356rNA3Rb+7ftpMxtlTZytoKuaX68tbxtIEIEJUsC1wf4OAzduoZfl6WVe4vmMpIExrWPfv4U7qR6ZjnbZLjacUFJOt1xGb20I8BL7ayXatanpA8BdlKMLDHIQ1xksSB9lqMM+dKQPPN5Maa0dN9RY6aGR31a72JwDjfB5h6FPt54Po50708NhQ7brr99+Dn+9Wgj/fPbJLOoe3BnJwA5tKreQXW1ICkxbItjN9t9mD0ZUhKOUalAgAb0GgQA5HQyuaQYqR/I7gOF24l4CO9zNU+x9viwWO/JzAfy5bMhHBrs0t56ynW0zcsX0UR9cQG9qnmu+0LldnT/2f5bP2P0F58T9833tisO1EzvXlvSNJ9W7N4fNxp1y4Mrb/bs2JejQHJn28xw+bSg/RFaN1bmhQaFdIF2XEu6erN0YPADZsxfz8hUnSUIPcVMbZnoFcPQKs+Luq9p1tikQH2BgrwQ9SDxvq8rqUpsH5J1merIvPLo/blOPf/z6Mfz256wNBrc0NSAv9UT9QKQpA8iypgg9DFS5sQoHm0gTRh0MhtKaOsQ4MSWgn0geLtKRZAaqngUnOZoicHq7O8KbxWXNl13xVO6sZXC9l0/3Zy9m1fE7zevptkTz//8/34Qv0nAjNtPhm9WJ4Yjekb025rrgZ0PzeCzV5uQckvn6kKzkbss3+ictg/32fFZgbpFPuQETizcFWlxAAUjmy1LfHW26/84aiqSwJSXgzk6ruakakARB+vOFuLAs8TrF2fFqg237O220cZ2CylV7oY25kDLwebHWZpW9KlfVDDwfJX2MaOB4fHc0/PTdVPi7lIe//TljXN8GR3tGp4GX0KTpwZamLrs24MRz/i06scRgKS6qxyvpuxIFjvfcSrmu8zkQtu824NW2RjpWNE+Wx1aUa8CSAYBNH4CXhPOGX7WzDNH2nuan+DT/P/98G5bkVBFujajLdk4dWgIo8cMJTnOdeTAvjYgob+WTDus4vMUiBbx+t2jctQfFlxR2KPcApI0SFFIhRZgwGDCI0F7s6hGV4absR2eJrVuceXFpU3NsgVyba1i3Z7953MRCObG9fJMYAGgzz8YDzGhA+t//9c608kw30NL/8uxjVq/zc6dZk+kD5j+zeuADjksjXi60bbd9/f47/a1NgQT0E2iEyyY+dDKcLsTlrZI8nd0bwcz2UjzGIJqTfBmqScteK+EXmawyB2fOyt7x357PWN4OAcjm/qaljltUsoKPfLkmm80ktEURW3Sd+fq67WqTyC1Qf9H8OibpvlXnrmnJORdBHa/7t5/dk0EMInhpZNJF1tLhqOge2CeO1R2cFDogccT2HC6v/MuBr/KRKFQGy4Q4sPiXwM21MUkIS1+2bGkQLT91+zq907BNElS/pB9SlJxi6c26hrhP62lLSidTIInuFenD+KelJa0fszea7jQozXinxHJSpX4V57/Mbf8hsfQ//vlOirJeW4b6qLksii7WlXGVjFfZj7Nt5gyRzSmUx/IdA0ap7HgAd0SFrW/r1voWdPmpvK43QCLYFeMGPHHQ0WVJFK4ph0uSKo/qfhaJAMcXkRvbDfojjCLQ2PJas9b1EfExl6FJgM+byQ/u8Ho48vbakQI1CJLyXiE5R6BUoAdx+LGRLg0gISxoMMHn/X/88lHmtf02GKD469JU4cnDIS9K9xvQ/aHtHIMPbWOAoj3QgGXJQ22wnOkPFEhAP9IP6IgsazFvZGkpemA9ku3Yz8hx1JXF8Vo0j122mGQskwGHZs2fDyRLI9rfvzMa/p9/u2luk+CaiNdb25IeBLa41dQriGgnACOd2X2usS7dpWUsXFUxbZjXnJ0lu6lxeXXRwBQTFmwlxV48eeQbaJBoJXnd4YNrvsbFcd/2ailN3La7qzMMIrEoDxZzDAoY7LhfOKCWTyCSwUADEW1WewF3r9rLygBx1zY398KM1uGpGS7OtIFdedzDO8BeIA4jpcErkkN3oZtgisLz43CDwQG/8oZ1Kk/pEAUS0A+Rgx+I6vsWISWCnM5U6myH8nuHztiZcSc6HIkOvSCA4J0VJR7LZNp/Yrbo+EXDGwu7wO5oroo22zmqgMl0QWBCiw9/5FqbnE0Y91RHZ/kOhd2uBgbMXWcWJC1oGynBCr9/NGnXzXpN920qz7b8t0WObg2r8oc97qzZ4+GVRBlYs/2gtfnf/poxzT50oM3oGBDFmdYwMHCe/HBXlIreZsJK4RAT5aL0D3oGHGACRlxUsR6PkQ0+9DDGadNUBMUhI9rwUKdZ2P3+17ykKrnjypxemphA41Qf58rng0lM76T4a1d9R6USbrnuKQH9aA9QJ2pSx+vQfPJ40kXjrfkrvmxFNFHCBjMPXZW2mC2j32k5Ce04iiuWirAgm9Vy2LxEVdak33xYksMGNxNFq90l5Rb3AepmAcOs0BBNVe2+AMUcektz3HWVs65vBgS4+ncPJ8JdcTgGAaYQmgRYAxkA4LhVZPb8Q9gxXJoPKXJ6Akb8959vWIw0XEy/0Fo4g1e3JAqUgObwUc8Q87NiQBtwb721oYFD5WFjYKsAduySAHQCxExvWILjmYm+gsUdSkCeoa29yazvkBwGZU1Xor251NZ0gHel+3Y1gjJIcZxSZQokoB+hC1wUkbGkeON3qf+UDuwuD9bgziCtE2ryjcINrTVulVwZV65gdDho+WvIIoniDpptpYiw3LMnpRqShLNx6nToxHMWfVWnTKklTosia2ykO4zLMg4TWBLDECm2F6s0YrrjIcbT4fZnJ+2L+pg2IEL7CcrzaQfeY55qMMG11Sc5bkQbTojkFQ1acHX9N4kFtMd2o6iLtVE/ICRwJGviQ4M9MhIaUChoRYWImbLGIJkwODCoMEXAmQYPxjSkTM/DN1G/xXmzMnhW3mJKeQokoOepoWPnEixlRXAcyXDsJ3PKEFbV8bHrfnhv1Lh0zEZ51pntAE18U5iW0onPF7iXNOa4Omapif3eiJ1wam5DwdQqgABcIo1i4YbbaNxHR4u1Uj2xmuwEov/6urhzTZW0g4Y6aOKqtOscAEw4M223L33j5ebBbX3k2op96oRzxrgGizgTu1U3QRpYeaBURHeqR9KAg/dJAiBoZE9JFKdsnlSZuIHq9O3us4Zt0HkjXUfbRpPm9XB0y2JZ7Uf2hwGgTVMALyt/JR1HCiSgR0oc+sY+3IEeO/mhy9kPB8eBrNPWQosGBmKTkWLn5TofS3aAuEnH5nyTLR3F5SM7mf1xhZgDJH/+6HG+rFhNzANnRsRXJObCiTatAFwNOlFK4Ob4DPnniv7ajxbO48F9uafMgY/mijQql205soeIz4U57mNFiyVM9KyWKMfxWX+8KBsQWbNPqToFirKt6iVcySt0mkz8q9F/4MSIoxblVHfRSQFMBMdh8kSlmrgP/5Q3w/2hbHBAPkcTeUv3GPfz8vL5qJuENp81a7NFj8+Sz3jkmLKZFrACsCzpxNPhhy89l7Uj1xaTP7I7dAttrwRyb7tuVvKyKP9wHflr5Kccwk61q0w21VRKlGCrGpUupnNGgQT0Kh3Bu2OVi7nTGLyw7ZLEPRFoduKEP4Jo1QHBAX38ZjBcAttxfJQGDTjqZwHdtO/idJRXJJn2XyL/gqz4eBrqq3ivtSPXliNgrd7+4wPTSe3iWSmL70EtG3p8uWp38JAFH7RaEVf4fAJ6hZcLJ9mVtptUAU+H7gAMMeUO46lTfVNmvtx6C2E/Ooo+xFnjoicW4M9pxjjKh9UdO+PYFHPa9LXtz9ebp0P+OJ8nHdemQAL6ERrRmej61cTEI9kvzU/nfN4cNrlsyvSVDSdIDlHfcBLHQ/RFLYECEG03O9NI3wq4tHpJa/VJGncocTQloB+lCGtE6iusy8b0bQiE3ko4+YxAyuYu/J9jtor2u1aySK+Gaso5sEARZvvOL0aRS5yYqrAG74NS7We9xI9yZk1LVDlCWpS39GsMUkrpcvdzA6LrBg5stxnLXa0tctSgf6j9CiUM8JW4B7PVZW2OYTsqyefKBcuxO873D6b8tuvNqk0cvRL1E9ArUAXOgOjLBo5vKc3OywedDE0Qv8G3Vvit+RbZpOaDAGQEfd0jAiDGv32/rLX+zICm5v0XlwG7A0x3sZNPqTIFEtCP0gWAqMOw5ZP4Y5c9IVbDcbEmeyEvMHxzDo07/1DIVXKYcfS5bElMvQHjvD02sithyINnmVgHks5lTAzI25jA6l9KlSmQgH6MLtrvrf7CPuy1DVmJKfnc71jGCz8RAUhD/lL00zkti2FVxvbaQe3jJhCiu12q/pqjoIuHGJbX9mVPOq6NK9PjA5IMmjVXXzKHFtQBHajzsqT4XrAXYMMMv9OGlspvp3oPqJz/GpzFbFM7oCQO4sUlpsvTvcst8nm5RGzNpdkkw0aYR3LV9LcnU2YueyCg4wFGK2Y1k20PVV64+YDWrHFaiaEKduR/vvxsHnLKhVwuamDNh/kx7y2lyhRIlDlCl8jhkAJZj4ZTWLoEfTvPTOMxvuF/l6NFVgoe3x0zp440FTNa4izipSVyPvHkI0+r5bTsDNN67MXJgvjPN1tUCYlMNFU85LirqbIBDm2I7ThW8BmfyNeLxx420VR4vDNuxbdTfHzP306Lz7ylDnUMR+DouE2+6BTF5QjYKLKjR/jl2QebZjx5NC5/6aPWVAIv7mofOiGV2fZaRkCl0UqIVmKO3qHtpwe6B6eVsc6nCo388O6ItPBb5gKKba9RC0978m2ygs75D5tpcEBp0k2lxzvn9lzW6hLQK7wZPLchBW7tKpCBto+S6NB5LlLhNjuFAqxRCbBFUKt2czSBIU8U2X//azZ8ETd7Ik84D26PqFqvm91j22o7HA4HjjFFUMbffMdzlBn34KPBZq5Owtb8e/l3B+y4ln4uv+wk8sPpv8j5Rfwd2xvbYRdO/YdnqU7L2G6Me9hBhy87b/GpK7zSNyagV3m9KOToOZiDRu52UseLebgtHlcpuuZpBhS05oCJD1pl5sn/6+/vzN0SBXyaXwmfBDycWzxUIARS9CSD8QjRT/Gr1tHpm2McMrSueiJOGs4uCNgY93fj9IH09PF4uDU9FN7I0+yXTMr5Re6a//c/3+vcUmlAor1FBsTqreAKAxzf3t6T6IlveyQQph4pVadAAnoV2qC9ZT0ajo7Hk2opdmo03O+1ndKWeayzO0Cq3VfpPGXx0e0GOPKwPfM/f3lvIZzgnmtyUmHnBXK8zj6+7yAHDOZNVhcBJ2vL+GnDg42lE5oTgcSecVw7meifrSyiyOM6S1c/COz4rZ+T8wnqYBvsstxiEXkGP+04eiQBdlJ8HvtR8E+8hzLg1tgFxMS1fGIwJKAkA0M2JuQvp+McBerYrZy765oc0tlYZptVx8aVUdZ/Dz99xknwL8fyFp+fnkyYyEvGCKLjPTHfa+HcDvBY+Gf5e/+oOGVw7XWBGwljemIgfHdvzLJsSYQnACLlUpJzUi8Tv204gMCBJGD3ZLmy48pfXcqL/7Ydgbjc7nK7WLqbGu+3raw40HgirzO/HXyS+L4l45olc3Y5PdGrpbl+7bU/TK98eV57Rjj7UaaFDxLuqecXhW4akMOJ6aZ+yxXpbwOPfuDs44s+DMgutifhvfKblQ6m2oV03jXSMLbPcsC4c2tQWunj5KK7xo43LM+x/xRnQ9R+LMWYRw3Nd+g8VY+fZ867oCAJM/NfLNLqGqasQnifQiBNyjUVy104bKQ+QBfdXR0tCZGdgYH5NVr3oomQU81S1VOnWdeVbizX0K5tuduZOD8ul1kd7dPhtUA+J4+ueKf5XcB7Ly48ppjt4/oMD3aqre4TrlTcsYNy+VyylQTpH9CmP5DHXFKkMcc+GPi0ioHYosSkGTqkqZqO99yqWa/nBTaHLGtO+nlxI0wqsGBlvugdFVfL+CP/JJfOuFmyji7w40WGmGZwX08SrQUW3D1hfbei8rEtJ0jCmu5DD9YpH/A3FK8Mv2oj+kRPNCj76OgDcgoZ3TfFNwM/Y0YOYDGUQaFW8uGmi8J9xUR9XHOpAA28vLbmMiMyR26KD7rBvnL0FOKq/fTE48B91lIfrqeZ7rx8vWBcnkgrtH1QseJ6FLaqUzoD1vZpXznhHVahmvX8nyUREdWGFQX84uF6ypPTLtIf+s1L0jLzXka1lE6kQAL6CeQBOHR+3BgjQgP0Sl0qgqBXnmbgvlhq8cGQZVadluuI9vRtyiTtymRzQx/cLHMSz7PdCpl8U1ZtQ5p7OzA0Z9Z9McHVYgMIubS0vHmI08XwyLiBAiBMI5Y0gOCjHlE7JsBCimfiNSKl0u7pCQ/FbHniw+kHAwvWcniGjSlyWgJd8Ll7c1DuqDR313ydsFOI1jjC/KC4cyzaA3IGsbijDrhLnWDr/igAt9BBkE8DY78GFCQXUqkZ2ahD0Ac84SB5gPNkEWdkqvonAb0qafyCWck170vRtGbOHOFOsXMfvZVBAa4+T2ACdT5E6PtypAiSibuGUYfNJ8WNAPNtieP4PUccxwcbDh8rTQ/o2yTK93QgN9IdsgYTQKQEZBBBIphVvSjUmEffuzVqKwZ///VDePJgzLzSxjhpsZSsMAMwccuJmooL59uKyoqL5k8SwQEhIZIJlkB9Q3p+vMKiAIvtKbcPaaJVgOfTJeMdbQ6SaA13RgzHpzvTGjj2opRo0IJBlGivT7VEiBurl3InjdjEHvoYjCJP70gCpjdIRHiWTSCPb7L6dwJ6ddr4FXU6NM9wOvZ5A3Tv4KCvDJmM0UjU7gqvxYWITMp6NPc9kdHJuubbL98sCJStFlKpVQB/pPlnpVDMVJwHT+zc3qD4151LGip0Cp/xz6T9Rlx/NdBjdf4sU9hf/pgJ//Gvdxa6eFihmhGf4yYX2oexyYI4L+6b8S7705NJs/H/89c5C+CI33aipvSIiXdIuRfDUsVW8B3bl29zvI7Wnw/cnsQ0BR/4cHRisMvW2EI+EwX2P/75wURxKIs//LLk4HR2GjeZhR7ThBjVxazirPT0pxoFEtCrUSY7L4YmSdLnu3CiuzeHDJyHYV7u7CjghjQf/TQvw5ZmHDgsW/igh/dGxMlWbe5OgMT5z6uyNJuxGOmIzi6Wq0OrYIATwXNS85oskIHnmFTklx++mwjvxJkJhkiI5n/7Ydqiqj5X6GMiurzSGjhcmYGLeuCE1A0Xf6z1+EfyuIrhyf/6+9uwIVfRRGW5LT/0cGdSrTYdvR6Bj/NqphVw91+ezSpIgwJcaNAgGAVKO+K6A/5ZtdEGUbVrRAOmSw7lemP5nxRLnmVGfw7eUEq1KJCAXotCNquWvbiYD3G+6ZDM1S1SYpmhWynqn+LxTXadTksetMLEYXt8fzTcFQf/1+8fbeMIIi7zVjzIPr4/Zh3cOVbNBlkthlSTKFDP4S21SeL6cLgpzohNOhr3FYnL+Kf/UVz6O3Fv7AHYehrt99tkIMOUYUB6BfIjYu/Kog6zVwYe/K+z3OaJp4vJnzT+qvYNMHkmizijA2zyGSwxy2XKwdIffvBJhIBmQw21Yc1HyCpSFNvjN+I6y53mPUe+rBXAyvKlPydTIAH9ZPrYVTOJVQ9kfgmATSkX+3/+/gypaIv7ejtt3szlWXHve1qeuy0QflaUE2KMdyjcELvNCHGEOH1jkrVi1q99TT1fbOXj2ACGFoc9f5mvs+a/IM33PzQ/ByCj4syjio7SL0kDBZcnvwsu+2F21SKazmlq0tnVEv77j7dKft3LkI71cXf+OCuuwlcEJ5devPpsSrlWrQiomZIsDsItxXBDUYilHdp2PNyhkBtSEMYo6h8tFgXjsiQCX1KjdSkVoUACehEqKQ+aXXgHmmk4JsEF8h2ZYky0VN8DbNPi+kRiIaGI+jCzGu5II33/zqB2xa2bfTYmp9sKhPj7ixkty/k8ljKLAskKz/4APWFH3DOY/Tnr+WuqF4UXZqsYtKAP4NOqAYZEYEckjj1tVqNe8m4u7VjYZ8R+s6rLBi+7od4/Xo1Zt/31RpFS9Y+Vhy0tKbJkeFdAJ73/uGIWhYwftI8oNiSnrx26SK8RgqXLPW3aQSI6OZq835f+OgWYraVUkAIAAaUaBh2esp6cux8xmjQlK7bezLgF54XMK5EIWHdmCYpNMzsSX1lGwsfbb3/OmVaaOaqDPVdogUPWlRGRqePZizmbZhC+Gc0/hjVop4mThlHOspbl+LB2DY7lXs7yoCAkL6sGf6gMEu3B1LTeZCAVclkNYPMN2nXK39Hgguh+7/agDSQMmnOy26cG7iGk8pjir5VT2XYeKWVR5bEUaYNqOVM6qkGBBPQaBIqXUVzRudBqLyytWsc83tmUITsJN5w0cVzSgKTVRW15jS6Ub04NmjEI4CS1SxOPpPDr8xkZ0vg2UAfXcYABBnDnH47dbVRcC38mUFEPIjIcL3I9FIoW7FDgY24creqIzmLKRj1R3NMNx8cx5F+vtdSlxADi9Xp9+fotQ+kP7fU8DBAsp/2qefmGVgSQclCbIZozTZkcc679EcWadAMMmXi4uaEBMtZng57OZyS1ublbwhE1VhdSKkyBBPTCpKIjQq4mW3aCE5EAQD7RYeOpmxODmqt32W/CHn+U2AnHpdM/0I4zDFtQLtGRAdfHmZXwx8sFK47OTl1HE52fS/7hOAuvrAGCzSWEYsaopbkpaqO1YmCFOLcfkgb9p+8nTUPfKz0C9ZerUV7W+vWYlP+X5tUv5bmG5PV6ffn67WLpj7eZvAxUvz2fk/KSuHTeZnbFsSqBlp1EFNkZ6QdseGBurvn6RDYAWAPIlBGT7bkMhgwUPFscwMiSUm0KpDl6bRrlcrjBy4ZCHSOSorHOoaSUDyCQ2Ol1S9zr1+ebEjeJgLKhZbdVnRswZdMdbfv845XEWkkJcFaipbAEhqY8bj31ksp/GVjQWDO/Zjvq9ta+dACbZgWH+akBX0BFAokJ/QJAAWQ/aW0d/QKJNXIUdhjHYExje9CVl3txKkk9GNFggYclHlOR9g6tf2ugYkpgASLiw8bK9I1W/3dJJx9lcMOaPZLELs+o++5rXh7rZzUCyznIxbU7xHiXWE7yv3Zof75ovX9d0w5XwpXPp6NiFEhAL0Yny2UAUKeFC7IP+oYAW6GfW14YEdemBXQipyxoYACk76QUQwvOTrG70sQvauvpjK43y9gMQOyJo76QyLwkE1LEf3ai+SZRAVBHuIiSjYnN7zFJNcDr3AFAMk7uXDk+FiDHK0yHBp2nD8cNZEwZAAwa70eymvvFlvwYbMoDBM/KnJpBiDX5T7JEM2WezvmcH4MXYp57NBhvpWrVQ6NzYMsqS5JIQdACLfudm/0SzV1kX9Zzv1O53IcXKDbtTI76NWXPAd0hz9q7uXRW+flBLD5n+j6ZAgnoJ9Pn+NWM1bCmDtDo9AAYTppP/lO7zHT9joxsln4n7vi+5urr4fWbRbNcgzM+ljNHrMU2s3ksm1AA16e5FeXPl6jjXBUShu2islvdKPUAQF6kZe5NWdz4SAY7AJuEUjGWjXSBRPBCnmN4Bp+vu7CPGA/4Eb1RJ+BLTgKE0rYBlCNLR9rJs7dI78Ccu0m0gU7D0rLbTjSdQw/x4vWi5u6am0uS6GhvlnLONfBHaUlZJPamM0C1a4rjrfPz6W8xCug1plQvBeBUiJGYnZ6U4GQk1t0ntLYeOemb91pTzhwqDGhtmz3mhE7akcEIHBgxngGiXQA49BGY7byulZbKBJQ8J44vFMCS4KS3pwfDnekYu93HCwAEqEiY4mKggp+5CHbOU4IPHt4mxPtYb2wHu/IOtVFtZunLQK7hYFtLYZ0S+R8/GLWpDOW+klTDKgR2BHiqvTE9YGv/pdGHTEqRfkgxrBbYCUa2lOqmQKJavSQTNtizjRi5kvlLO8Rqc+UBmsih4Fgo3+i8bBRhCSx6ZGEKAMclP/NiOKl/MqDpHgOcfcdr+W/HAGXDeeHWcD3aOCpOGq3PTJNvAM9ApPoYfEyyEBD7ZSGHVts4ZlYWZfIptylfL8f5tsVjndeFLdXPXvSnD8bDiAx2SGjZMZ5BIGEKghEPc3MS9TAAlZNOKPEcLAVCn0OXyxnTUQ0KJKDXIFCly3BdAMKec5J1Tu+TFbJ718Ra7Y4UUXBYFFk4NPyXXCjj3JGEc8cf5ISRTSOsOftHBp4aFWp+QJul+K32iQv2aGPI0+/G3fBF19Hk0xraax/OZcqvfpm7Pnk0ZjvJuNeTyvPm2xSgZjtKbZVaUQOWKf+eTpqegvJYn/9VfuY8IKJkDklGD+ROmgGQZHSMFdoZ/7MhkG+rbJh5DO+cu5wOC1AgzdELECmfRbxKHJ3xEaBv27yVPdNllVk+t3feyKkQoTGBxQ8c9+BkAkXYU7lqZiDg+oBMVHFIuWMul8VbM6AdLvXIL1WAM0gSIvMe3FRLV6zj98m8FmUcXL5aWbSPZ2KXGpLHggyC8AhrUwLYu9rASkChxNigsrqk0R+Tpp4NMyS20D6TJh6fekwBmO+zHXaqZAXHfUcf1n/jSgt62HV/zEJNSZnKFEhAL9OiriO01rbPWsYewwLtSYn+iwhv6+f3huWYYcs003BczGDZXgq3n5RFGJZzfOpJrEeznLUu01IYNEAHD+8/LJvpK1wQNVs1jACnmAdQA/w9zGf1jGj9++TE4tHd8dLSVz1tI+8reYmdkXKxV8+LNSCmuYP93VpCjHqD48pM7ou4x6CGwYopBgNtSvVT4OQeWn951+IO5qvshWYOih17tQ0YeWJEbsVcFRtvwE2HxxKsv78jvNJedfaGP7g9WurgcX6fL6fSMWvV4xok8CYD9ztQu1C2Y5zD+rWn+F2phHhOJrl6rhbtCmuSoqxNirXurg4zSzUhJmar8s0AwZARnxVvsn9qiyy+7+4L1BgMIcV0iNs/0JbY6P8u5s8XS1kAnSkSTiAZpZBWSrOUfOZ0XJMCCeg1SVQ5A5wTf+I4bCBFrl2p08YSInDvajvpF4Hy7ccv4c37xfD/Tt6xfen/0vx15bcP4Z6W49zrLLxWnV293lar/Wcszr7BFpICCj0+JOrBx7t5g9W3bam1K7X+uD06W1bj3D1/B3UdboKfAZRxz3nMgbPIV+8XjAv/+w9TsjuQ00itmyPW35KWPW5cyZd/+NjL3tySoYxWN6Cv180Uosigdbi06/4rAf3UPcA2VdrmkW1ZlqFdNrZzQnkMAoAQpdgjOXpAGsCv2h8vZsO//3gz/I+fbkobP2vcnvkyrpN7ujstP8VyLyk/mETgcQkwxOuIuSRrlh2d/k8sO9YVS7LmyPkF7WnJYMied/zbm3NMeYm9JyUjA9XzV3PmaGJ6fLCiZ9dYpn/7c3K8rPjs61LGsfbvz59AfphWxX4loBejU4VcEt/V+Zg/rkg0HTFEHYXC8dsc7MHMZx/K4cTGrx+15LQaJsTtpsWRnzyYMC+qcL8/XiyYWI8nWJxO5gF+tOQI8njeQBh/VPx2jlnxkk7my8sf5/PH9jB//rKqQUtKvNW1DW257ZAt/WRmIhzkQkshncXh8fX+UA442FXng0dlepWvHci0d92sAdnxlsT2PPXrO05Ar49epdx0OtwubUmLvCouNiKfaNUAUbopO4j5pmSksnpbvtCfz8oBxWIYlmksZq+D2njCB7fJmNriq25JU4R+OYTslja8TXkqQ6RcU6yjfOboUa0SjuY//BvuurUlx4/6oFvg2Gz05TGmT0t1MWHq+kqWgJjTfqeBDbdUtkJRu4HSOWxqS7DMgxFO5JDDJaYkukfa1vOdgF4PtY7kld7KDFzY9HHnhsvOzo2OZKzwE6DAEe/fHZL4vxHeaL7OhpYnAkO8FgHPhhTWkom+wn7utjavq0Kxx07Bt419Hrty/ETk0MevHD9jyj5xcvBq/uwzf+3k9PYDS3nQkd3+6sZm+E5GM1GHgGKt2kgVn51ymAKwosA23uQyCoqcPiWgn552difgYF6KQwpfMz6hF+fqAiB06hZZ2T2VmLsmhRMi7viQopvIMSLXSJSPSSmf0yT4YGFRo44KUNblOXe81dtttZpPvHcawG5MDplNP3nyQI73HP72e/HN91GbfSzQA1tunRyHs6ZfhSlQ0AqicHnXKyObPqShZp7+WSI2qThXlJVaBvYuze/ZPoqNO44jWFLycrzTA44I/HoIzD3sm8cnG98Y+FT6WB4brLDSqx9R3r7YMn8udrCxPx4fdT8+9lh05OOZqyXGNq7z/PjSw58dNElz82oUK37+dGyiePlXOif6X/VDWXntS9m0oigr/QbQ2GGLPLyBXRkR03+Uu+a/Szn356t5C7oQQVF88DhcI/fhmPKl5v+UxTr0cSBjSccutSZtPBnztW3lOgGPhyshb9ZQhojsMPz214xNa1hNiDb+nq/6QBLvfSuRHeUdzjiwWUjp6ymQgP6VNKQjsvRD+F7cRbkPdLdMq70FI4OTIeRAy2m4at4RN1uwLaX4VXcuWA/s/IHiYIP7ZxODtVsOv3GkCDV+0VI2l2DQEveD11+bFavCVLLQipcbBhikFIyJDivfKpcenxOHmi/ezlvL5LJCc/ME9Iy6X/WVRPevIp/fjFeUTWmd2XpJMs4V0eRZTvwLJwMjpEfSWrOtFbEXJRxlAYJ6UywTY5ofJDoTAkotMzvzNrWXDzbnDEZTirVG2KZ4T711kT8P1OeSSB7eHTOrP4aSWsnHB3/OvxSckQ0/5vEmgbwW6QpfT0AvTKoTMqov46fto/yfRRfPgKqelAf0j48mtSmkVeIvnM0HjlNgPQOu4qRrSc79xmv+KzE9znnNflxgv6nNNOgaMGwB7PWmPFDZfksU2egKy67VoEWMOEOUGTzZG6PNnwAAFZ9JREFUtMgtbRLZ630LJ+dPQD+ZPjWvQsA4V9+QUu7lu+hM0blczQJKGRxkcEY02iiw2OHFfNVTbc5YKqrCQb8cQbaLu1M+y4Ikpr9squlTcEfSaTtDHBz+fDlv5rgETCQ5l7fDqn8YCBgUod0LrTpgtttScmxZ9bZ0oU4KnPbd1lnN1c2en0EC0I8K1IBVW/0J9KGxdhGWqKiPJcYvyvcaWvN4vv5y/Q4A5HPlfAmc+TrLccBMQnmGlvyJttxCBwe5P5NlqPInDhKvZPO/KvdcLbKOydO0ym3pdJ0USECvk2AnZXeXTvsyXZ03Eb4Mzvq4cbyPyK0o0wAR7pTi+ZPacPyas290CHivYTCJojs78Ha1MQcPLp4yVn+8kIpnIpgxamHnHM4zsOyL5yvelDuZjRHmURfXWhYdNXc9HTaOAgnojaOlASh6jyFcMX7lHJynrwStNb7Yl77gzSaurxcvL3LMZUkGeLeJvwE7bcOnG5Z9pHitWOnlqQY7+CbG2YBDmKri5cT6iM2OqyiWKr9OvijW8uuYKwG9wW8dnkmU0s9La+G/tCYOtzsNJ84PEIC9W1FXnSMXb3DkmHhhXZZYzCTcveN4Ge5B5kAcdcu4MGeLyx4uluNumoCSuKIqp9qSQRT5oQ9BHkjugbZcSjpqHAUS0BtHy6wktNpy4CBnEOzmIkACmniAW2/K38JmFpacTpNwlYzo7uv6+Rmw+2RH8iB8kqXiSLfseIWNPt84kW+zZajxZ1l2/nh4tY0rSQlXg1qnv5yAfnranXgnmm0MVAjIuJBxrMhhT7yxoRcdtczB2Qzj6fgrP3y9TqSfsr1x4GNPPpt1bIQ4n6pP2eJv+7bjb/3bfp5L1Xr6LcEO27UmfpEpOpqsxG1RgCGBbJui7vxbyWYg6IS8E4ei82/F1a8xAf3M3rGHImIe3NEINy+naqdPFw4Oolad152HE8eCmb4OpKjzVP8UI7vxVF/oDw7iMsCpSkg3FaFAAnoRKp06j4w/NFdv0+dikoO3ra1NkrHaUAJ8rjUCGVy97M45Aj6X5wwPI8iZ6qR0dhS4qB54dk90mUoWp8SravTfdlFNQ6rwF30UTe4CGpHe4rFdRAMrzScuoh1XvM4E9DN7wfhFJRKK4pVFjn4UZ2dWdyzYK7QoqyewTNw84QDjQtL5aygv5DEvutIE9LN6AwcirZAOiCJHP3ecZ8+GM0amEJWFcontctXUlm1hdbXYWRGlQrmRo1duXIUb0qnTUCAB/TRUK3CP7aMWsgFQ7MsFbjuTLB0yS2W92+fDuVcucGG4Qthirl9EYhBiAMyrCC+iHVe9ztxbv+qPegHPJ+oSJ/yiUhxgCHHMLjVLbFnLUnTqwEAQ17XjPTHPWX+bEdAJ04qzrv+6lJ+AfoZvGk5F/PDLkLo7PdhhGebOzRHpCY3k6TzlZ68rcvTLQKOr3IbL0QuvIIUjZOCmF5miTXmP9pyzjBZ1XzBRjlu07NYlO3pSvHYe7Y11sawX7foTYz87yiegnwFtrcMKRIjB0T49duwzqK5QkZ0KbMjOOsG55HiCiXGrgIY3m4tKKAJpk38uqhVXv94E9DN7xzJE0b+2NgR4UuTx/uv8/nr9nZ2tBur8gIPbCRRxFyl1QB880F4Udc7vPVxsTQnoZ0h/QjY5xzrDSmoVnY0zzMMBtOvieO3+6glhDLe3dN6aOFqhqYNb7XkT0t+zoUAC+tnQ1ea7+CVvF8f0FDn7GVVYpdjIK1F6lZVumZcZcVKitRq+xeovooXMz9EdpHS2FIi98GxruYalI4pi/nqRYrGTXSDK5OLhAXcOgf+4fXmDbZPEMZKdO3/R2cGN1WBzAvqZIyQB/SxIDGq0WQQjlPJmkbOoqFiZEcQTit5KRJhd7Rjb17bU4eFuxXnD3zvpgrhq88VIEv7M1+fvxalbrzCN41p1p7TZUet+UTiCzHHqjSeYn59Ohnk5m4SLjo/2ldoX85zfa2H40RRCUWL2S9tUMeqJW2rPryXXoaYE9DN7y1q26uoolX5B/LJUfzwgAmqlKKjx+nl/70iyAOgMNE0meiBkxqHyvFtzdetLonuD3210vogPtIF+B3o0WmlwVacqzsV4/rpP91MV0sCb9hRjfUdBKm3Zz5CeQN5A8paKSkAvkeLrDwzkwhCumwb7u8LoUM/XF9rgEvKSRf64wdUULm5QHm5v3BgQR5ePeSkIk16uMOnqypiAXhe5KmfGTTHr0rhjxjVSX29HeHR/TGvovpEkbhipfPdFnAXiFwvzaPZKwIe/KerqY9ELc1wx+AT2M+gSaY7+lUQF4ha4UBJnZ1drINTx3VtDR/ycf2UlV/R25uWI7HwT5WVPnmqfvyb+2hV94At8rAT0ryA+nHx3f0/BC9sU27wvTE9q+arfl6ssztkFc82veLRzu9XBjjKuKTxQrDnizM3MrtiyZAJ8415DAvopaRlBjgnp0wfjAnp/qSSUb5dPXC8179IdRLC36OD+7dGwtLQpP/SKNZcmlg17V4mUdZMSiDebeIkt+6N7YyWQR+16Anm9RC3rDIZl0DM53qe5unbZ6V9KjaFAomTddNRkXP2S6Kajsiq7NTlgJewlLl43JfM3GFfPTkyN94cOGRvtaQdO0sLnqXT64wT0OmkHl0H5Rril8bFeUyTByRE7U/pKCmRKOJYmiSC7t8uJ1EW/kqp2e6JinVRELCf8MEEPhzLFW51FpOxVKBDHypaWpjAqO3x+Ey4qpa+nQAJ6nTSEe/PpVixwQhl7Sty8TjJWzS7SWhqSIU2n3F/tSfWexPeq5Cp8IQG9MKk8I/wFrt4roEdxPXKiOotK2U+gQK8G0f6ejiwmXOqmJ5Cq0KVEwUJk8kzMzw9QEEm0RHQnJdsOp02j/sZBkwg3Q5qrJ/G9MZRNQK+HjpLQES1xstgtsdJSlDXrKSflPZECcZlyQEBvw/2VaJzE9xNJVvNiAnpNEh3OQLQTYpm1X1go5MPtucq/eiW64/6KNfWkff+6N52AXhf9mKHLc6rWeDtKIYySIq4uEhbK7DTtkufa/j4Fl7D5UdK+FyJdlUwJ6FUIU+00fa5d4Y0Au6WE82qkOvV55uVxtzx7B7BZ0MZApdRdT0vURLk6KMcmC3y1d8u+PZq5JpzXQcB6shoXl/OOvk75nm+X7ULavloP+Y7mTUA/SpEqv1EGmVJIGvdedT5S0sNVIVZDTvsQ2tvdEfq1vx/ap0H19IRNQK+DdnD0djlKGFDH85SxnTrKSFmLUaC8zCYrOe0pwFrOxfdi96dchymQgH6YHtV/HWgNXUjvkya4L+Potshb/Y505SspEJfZRoZ7bTlzT0iPPvm+suhrd3sCeo1XjpFMS1OL2VwTI2xKWyixiEuiZA3CNeBy1IP09bRfSv97DXjEcysiAf0EUkcjjV08lcrhI5xlety3pZ5wW7rUQApErn5jaiAQKHJ7ezdx9VPQNwH9CNEiuDm9K0MNPJ0QhOHGZH948lAODDVXNG4eJ5FH7k8/G0sB5+oH5lX34Z1R2+iCA84Y9CH/vhpb89UqLbmS0vt0TyYKJKDjXc3DD/BuIuu3vm65bB7tChOj/bK7Jhih633j99XqCpf5aZzud24OhqGhzvD2/VL4NLcaNjd3wr6QTth351jy/JOCP1R8kdca6MYNpGTDwpI95qQOadUHhzvDxFh/GBvpCbgjjik5fIyUuLjvfkWa+eHxZLg5tRHef/wSZj6vhvX1LQVyEuDlXbsF1GvjUbKjO/yOyr348Pkr/QuAs1SGaH6g4F/GvXvFvUfkr0yBCHEokZfMfZ4oU5n8yStNocv7cHHaNNDXJWOarnBrbSB8nFkRh18Jq+vbYQdpTO+XdxXf8+V9mvNr2dUHOoxaL964twQ8PJbs7Dj3xpR1QCL5xEi/Ag72BIIQxuTGMJ7PAZ4VFDOk7wuhAGNtfDe8F4sld78z3JoeNLAD+OWVLfn02zUvsi3NrRngrzePv9JAt7m3OgbJgixIe44L4R4t1wwrXNKUookOD7oxhufyTkRn4mMjRLyQ7LJKlLjYAyQrWuAvFtDzm0H63q1hifT9YW5+zUC/8GUjbG3uSqz3HYfNiPVKSHP6y59rk64s0AnvQyfYk5E0YX5atdtseLAjjIlzT4z2Hooo6hzCO4x3omvz/r/5B43vK77DttZWBdIYCFNaJVlY3NAcfiV8XlwLq2sS67U016RVk1Ym87KNIESzg/6bJ0PNB7hyQMdyCvF8e8fjbHdqpB+W/7EJeWzF4WC7HBnEFNdo09w7UuTb/S4D3qdYvNMRmc7yWd/YCXOKCT+3sBqWljfD5vaO5AFfWdHiiqWrDvhyr/9m37G/qeamfbOF3ra5mTaeSDwfF+ceH0E8xyVRJurxnBr++R3PfbOPnhp+jAKldyq82yqJ3jPegFiauymjmyWJ87MLcPmNsLq6KQMcdw3WLCVOjIbrOnv6FeJ9/D5W1Td14hsGuq9+Q20c/W/Lcg3PL6ODvWFivEdLY33mwDG+jSjaGd4z0Mdr6fsKUkDjOluKSXHVBGOnyOU3NrfD4pJAL06/sLwRNja2w+6BVmBam0OrxYKSW+8SWb59sH+TQDcNukZs4mmz/s3a99hEb5jS0hhr38fF86jAKb25dHCNKBC5fH6q1tXZHrom28OUYuZ9Wd3SfF6ivT7Ly1thi7m8xggcVLr+Tv2MGcE3nL4poMd1UdZKg9a/u+RPbHxEAFcIn0GJ59H9Mu/D11tRsPmo/g2/o9T0BlHA+wICvVIm4nEO5xZ8WKJjaW5uYS181mdFCrzt7T3ZWWg+L8RHBlPm9A1q2DkUc6mBns2+jQy2/q0QPcC2r7ddhi39ZtzSH7eMZsRygKf59zn0nW+0ikygzxhAnsu3traURPtNxbhflEg/J8u7xaX1sCbRnv3wzOWR7MsTR2bylx/6lxborhiRgu1ASyC4EZIYxfLYtLaJjktEP2zc4nIVo3Pi4N8o/i6o2fn+YkxenARmgukzU0E+aO3nJdbPA/ovm1qb39HCHJye/uYNj9LmBT1GzWovHdAjwdgaKh1baNMoy8aSG1obZf7Nb08SwbJ5kxM7o3jNR04ZEgUqUyCC1vsVKzPkc6397a7BcEtae+bz8xLr+SyvKI47y7ji8AfKy6Bh4r3uumxz+ksBdBPRs/Vvn3+7gm1U+7/ZhzyMK6H4FkTEvLjFq9AZ/0p/EwUaQIEIcIryvuacGyDH+fxdLdctaj4/Kyu8hUW3s9/d1VIdor3yXbb1+QsFOvMciIp56p72fZO6tOaJgm1alk0YuuQTIy358+KWX7ehN581HScKNIQC+b4W2Qm9DY38qMyn+WxvD5lob6BfXg+bWzu2nwIFXlNU4uke5/IXM5+/EKBH8cbsz1GwiaXji21ctufTE31y2u9eVnlTEdwcA/KUEgUuigJHux/A5xwOQ6cnBuyDpn5WZrfzWp9HzMcjDiyM+XwLprdibhcRCvpcgV4G+IGF2UHM6e/vsOWxaWnRCUUcU1l7Hs+k70SBy0WBCPzynJ7ddO36jIQ7NwbDwtKmRPsVifbrYVVae3ODJay3CvTnDfgzBDozbxdToufOXanP98XBW2R9hIUSe79ZJiP0TkxlgEcyxivpO1HgclLAJU3vr1F/hPuxcSmP+bA0Nze/avN5FHhbO7K1bxYOxOji3oyzfrIyws6gJltrFBXQoGPBxv7vwbEu4+AT2kV22IKt2vz7DBqWikwUOCMKxDm9zefF6vndI8OuHttCOyAuvx4+SYHHjrp1OcpgmQ7TXAP8Ga7HNxzobkiAnfCeNv8fmAKiU3HKRmV/DgdnBxmGCaQ4+kEMHxXPiPqp2ESBc6aA8fesU8d+Tr9HD8Xnizj7jPze4QrrizbX7OKEVDHmUOCdxRy+oUC3UUnS+t7eri149XS7Bh3x/NAOMo10CPX5JbNzfg+pukSBc6OAc3nsPlxvz28UznzYUcfGmo+zX2SMs27zeIJKItY3ci3+lEDPzb+xFlCKe8BRLBLAfhILNonnOPOLKf+gztPjlfSdKHDVKVCWWvPKO5aT2UI7rU1Z2Ni//7QcPku8Z/ssuiwcqDTCxPaUQJdhQAZwd9GEgq1Flmudtv49NtRrzvbjq8sGsgrr3zFH+k4UuD4UcIm+rLyDw7fJIQpLdPhQmJeW/t3HZS3RCfAWV8Dn8Ci3T7sKf0qg+xZR/J+jYBsZ7Q7T8tU1OthTmn9jreYAL49k1+dVpidNFChGAUCeV9yhrZ/UHH5MRmNzmsO/fr+o/fLrCiQCh9einMaH04j0hYEelwGIkEGwwY72tjA22Rtuaj8vJqo+D/GHy4voxR435UoUuL4UKCvuyswR/RXT31EBfmbuS3j1blG29RvG0c0bjshVD3evCXQAzu6SXe3Rc4C3avdYb7itvbuDmovnEwAH8HnQ56+n40SBRIGTKFCWfiOWMK6JG7reflwK794vm//6A7F2t7RDsQ3ky3qzSjVUBXpcJsOLKmvgOFlk99hRgLvYkdbAKxE3nUsUOC0FIrO06a9YPjYnD26PSqzvDS/fLoUPClqxoxh05gXHFHYn11QR6HKgI/9ZGieYg8tN8hgcXJrB8iaTKGIAcLXCZI+TK0pXEwUSBeqnAPAS2qTvcm7f090ZfvxuUiJ9T3j5+rP5vdsXM2duf9Lc/RDQ4zwcT6qEKWJ57O7NIXHyvlILGWFcPC+dSgeJAokCZ0gBQbzETB1/wRR2wwNd4dWbxfD6w1Jp/b2asq4EdEC+p3m4dozKVVNnuIPJntT9mOeRYgWMMCklCiQKXAwFIv7AI+L84wdjijDbHZ6/nJd57Vo4EIMm0ORR67pWRoCgiKJ4ymiTmH57eiDcuz1svrB5lKgUiBVczOOlWhMFEgXyFDCRXmjne2y4R8y5I/z1ci681fo7e0tQ4uVF+dY9/cJkdVBOHh7cGTEfWRRYXiLLF5+OEwUSBS4LBZhCg1Oth5mPux++mwp9fd3hTwF+U37r29rg7N5aie5NxsUf3RsrOVyMXPyyPFBqR6JAokBlCgB2zMkjZpHIe2RW+9tfswo/tS4DNkWT1fWml28/H9y9OWylIPfn5v12Lv1JFEgU+DYoAH6bmhzE69oD/8ufM2FW1nVskmnSSGDMPY4I38YjpVYmCiQKVKNAxPKOVs9+/XMuvP+w7ECPF6rdmM4nCiQKfFsUiJjm+9c/ZkKTbNcP0NyllCiQKHC1KJAHe0l0v1qPmJ4mUSBRAApEsKOQSylRIFHgilLAl+B8y8sVfcT0WIkCiQJQgKl54uipLyQKXAMKJKBfg5ecHjFRIAE99YFEgWtAgQT0a/CS0yMmCiSgpz6QKHANKJCAfg1ecnrERIEE9NQHEgWuAQUS0K/BS06PmCjwfwH7tqNDYxMZLQAAAABJRU5ErkJggg==', '');
INSERT INTO `users` (`id`, `username`, `email`, `password_hash`, `profilepic`, `site_form`) VALUES
(2, 'ashketchum', 'ashleymsanders2@gmail.com', '$2a$10$6d60768edcac47791e98bOGkBPi8nJTYqZjZsCHnBaliLYvrsQck.', 'iVBORw0KGgoAAAANSUhEUgAAAPoAAAD6CAYAAACI7Fo9AAAEJGlDQ1BJQ0MgUHJvZmlsZQAAOBGFVd9v21QUPolvUqQWPyBYR4eKxa9VU1u5GxqtxgZJk6XtShal6dgqJOQ6N4mpGwfb6baqT3uBNwb8AUDZAw9IPCENBmJ72fbAtElThyqqSUh76MQPISbtBVXhu3ZiJ1PEXPX6yznfOec7517bRD1fabWaGVWIlquunc8klZOnFpSeTYrSs9RLA9Sr6U4tkcvNEi7BFffO6+EdigjL7ZHu/k72I796i9zRiSJPwG4VHX0Z+AxRzNRrtksUvwf7+Gm3BtzzHPDTNgQCqwKXfZwSeNHHJz1OIT8JjtAq6xWtCLwGPLzYZi+3YV8DGMiT4VVuG7oiZpGzrZJhcs/hL49xtzH/Dy6bdfTsXYNY+5yluWO4D4neK/ZUvok/17X0HPBLsF+vuUlhfwX4j/rSfAJ4H1H0qZJ9dN7nR19frRTeBt4Fe9FwpwtN+2p1MXscGLHR9SXrmMgjONd1ZxKzpBeA71b4tNhj6JGoyFNp4GHgwUp9qplfmnFW5oTdy7NamcwCI49kv6fN5IAHgD+0rbyoBc3SOjczohbyS1drbq6pQdqumllRC/0ymTtej8gpbbuVwpQfyw66dqEZyxZKxtHpJn+tZnpnEdrYBbueF9qQn93S7HQGGHnYP7w6L+YGHNtd1FJitqPAR+hERCNOFi1i1alKO6RQnjKUxL1GNjwlMsiEhcPLYTEiT9ISbN15OY/jx4SMshe9LaJRpTvHr3C/ybFYP1PZAfwfYrPsMBtnE6SwN9ib7AhLwTrBDgUKcm06FSrTfSj187xPdVQWOk5Q8vxAfSiIUc7Z7xr6zY/+hpqwSyv0I0/QMTRb7RMgBxNodTfSPqdraz/sDjzKBrv4zu2+a2t0/HHzjd2Lbcc2sG7GtsL42K+xLfxtUgI7YHqKlqHK8HbCCXgjHT1cAdMlDetv4FnQ2lLasaOl6vmB0CMmwT/IPszSueHQqv6i/qluqF+oF9TfO2qEGTumJH0qfSv9KH0nfS/9TIp0Wboi/SRdlb6RLgU5u++9nyXYe69fYRPdil1o1WufNSdTTsp75BfllPy8/LI8G7AUuV8ek6fkvfDsCfbNDP0dvRh0CrNqTbV7LfEEGDQPJQadBtfGVMWEq3QWWdufk6ZSNsjG2PQjp3ZcnOWWing6noonSInvi0/Ex+IzAreevPhe+CawpgP1/pMTMDo64G0sTCXIM+KdOnFWRfQKdJvQzV1+Bt8OokmrdtY2yhVX2a+qrykJfMq4Ml3VR4cVzTQVz+UoNne4vcKLoyS+gyKO6EHe+75Fdt0Mbe5bRIf/wjvrVmhbqBN97RD1vxrahvBOfOYzoosH9bq94uejSOQGkVM6sN/7HelL4t10t9F4gPdVzydEOx83Gv+uNxo7XyL/FtFl8z9ZAHF4bBsrEwAAAAlwSFlzAAALEwAACxMBAJqcGAAAAmxpVFh0WE1MOmNvbS5hZG9iZS54bXAAAAAAADx4OnhtcG1ldGEgeG1sbnM6eD0iYWRvYmU6bnM6bWV0YS8iIHg6eG1wdGs9IlhNUCBDb3JlIDUuMS4yIj4KICAgPHJkZjpSREYgeG1sbnM6cmRmPSJodHRwOi8vd3d3LnczLm9yZy8xOTk5LzAyLzIyLXJkZi1zeW50YXgtbnMjIj4KICAgICAgPHJkZjpEZXNjcmlwdGlvbiByZGY6YWJvdXQ9IiIKICAgICAgICAgICAgeG1sbnM6eG1wPSJodHRwOi8vbnMuYWRvYmUuY29tL3hhcC8xLjAvIj4KICAgICAgICAgPHhtcDpDcmVhdG9yVG9vbD5BY29ybiB2ZXJzaW9uIDMuNTwveG1wOkNyZWF0b3JUb29sPgogICAgICA8L3JkZjpEZXNjcmlwdGlvbj4KICAgICAgPHJkZjpEZXNjcmlwdGlvbiByZGY6YWJvdXQ9IiIKICAgICAgICAgICAgeG1sbnM6dGlmZj0iaHR0cDovL25zLmFkb2JlLmNvbS90aWZmLzEuMC8iPgogICAgICAgICA8dGlmZjpDb21wcmVzc2lvbj41PC90aWZmOkNvbXByZXNzaW9uPgogICAgICAgICA8dGlmZjpZUmVzb2x1dGlvbj43MjwvdGlmZjpZUmVzb2x1dGlvbj4KICAgICAgICAgPHRpZmY6WFJlc29sdXRpb24+NzI8L3RpZmY6WFJlc29sdXRpb24+CiAgICAgIDwvcmRmOkRlc2NyaXB0aW9uPgogICA8L3JkZjpSREY+CjwveDp4bXBtZXRhPgrs5oxmAABAAElEQVR4Ae29Z3ccubKmC3rvPeVtS+32OTNr7lr3l8/X+/GumTXn7H32bqNutbyjEY3o/bxPRKIqSVaxsqiiEQlIxcrKRALISLyIQCAQ0fQ//7/fDkJKiQKJAleaAs1X+unSwyUKJAoYBRLQU0dIFLgGFEhAvwYvOT1iokACeuoDiQLXgAIJ6NfgJadHTBRIQE99IFHgGlAgAf0avOT0iIkCCeipDyQKXAMKtF6DZ0yPeMYUMG7RVLmS/WSOVZkw53w2Af2cCf6tVddcAMB7PNQ+fxzV9pc/ure5qUoBZE/p3CiQgH5upL7cFTU35WdxQq2ACnb3xJIjcO07Y9GO46aQvy1iurW5JdixMu0d2AhwuR/+GrQuAf0avOTDj9gsLpudOdBB00HYFxj3wLa+D0pAPhCImyxvq1Db3NISWlqbQ3tbS2jV+ZY2Hbe2hjZ9t9m5Zl3XtVZdU/5WnVtb2w6//zUXdvf2HPiHG5J+nSMFEtDPkdgXVVWeW4Pj3X0Bek8H/l8gFpCb90ObwNze3hI621v13Ro6OttCV0ebfut8R0toi8AG9LqnVjo4ODCQ18qXrp89BRLQz57G516Dc2xE8X1xawFbHHU/49TNuoho3drVHLoBcle7ffd0C9D63dneZiBvLQDk+GDCc5YkHUgyYBDY3d0Lz18uhH0NKC3i8ildLAUS0C+W/l9Zu4OZQiLXRgzfFbj293eNY8Ot4c5w5h6BurdXn66O0N3VasBubzu5CxiGS0jOAHv4y8RyuHeTRHYx+7C9sxd+fz4bPi+tJpB/5Rtu1O0nv+VG1ZLKaTAFNM+mRAB30Gxz7B1xUMCGlrtdXLlLHLqvpz0M9HQJ3B2hp8dFcL/peHMcy5E1S8mWB3P8cfy20hlATppfWA/PX82Fz4trNqcvZUgHF0qBBPQLJX/9lbtYLqFcMvL+Loo0ROPm0CtQ9wvQg/1dob+vS8But7l2pRryoI4AdZxm6K50U4Fzr98thD9ffg6bWztSxuW1+AVuTlnOlAIJ6GdK3sYVDsCZZu9ILD/Y2zVw9wnYQwNdYXiwOwwI4N1dbSY+52u1xTHdxyJXs0QAAN0IUMc6GDQo79P8Snj213zYkdjeIYli78BW12O29H3BFEhAv+AXULl654YObnFuIZx5N/Pt3s72MDTUHUaHesS9Ow3cR8XxMscG2CBbCrLKFX3V2Tgv5/vdhyXNzXcF8tYE8q+i6tncnIB+NnT9ilIBuZCpta9dLW6zDAZ4Bke6wvhoXxgZlFje3X6sfAe3c9dGcuxjFVU4sb6xEzb0YSCKs/wK2dKpC6RAAvoFEj9ftXNvQI7xijTYOuoR9x4b6Q2TE31hSKJ5nE/7fRLKM1Rx3sGdL/E8jmmlDy60ZX9P7RDYU7p8FEhAvwTvBJDv7Ut7Lg7e1HIQBqRMuzHeFybG+jPRvNxIB7cvZV0MuMttsfU7DUndWrYbG+sJK2tb0iHshlatsbHMl9LloUAC+gW+C9a+TcEmBRaWaYODneHmVH+YEsAPrW+LW8K8AbaD+3JwzbyE8eTBuCznWsKLV66Q4xjpZN8XAu34Akl97atOQL+ALgAHZ/2bOTgJjfmtG/1hWgBvyxmwwL0N2ADccl7ePxLaw8M7ozbd+P3FfFhb3zK79+Ymt867vC2/Hi1LQD/n9+xiuta/ZZbapeWwm1MD4faNQTM9pSmXSzQvThwflA7C1ER/6JH13e/P58Lc/GrY1wO3trhRT/HSUs5GUyABvdEUrVJeNB/Z2XHb7+mp3nD/1qjm4512B0tU8O3LJJpXeZSKp2l3HKT6ezrDf/thOjx/vRDevF+0tXUX5V2Yr1hAOnmmFEhAP1PyeuE+F5cN+s6+rNc6w707I+GW5uJRIHdueNmF89qEinN2nqdVc/QnD8bCoAayP1/OheWVTRn5tIaW5sTda1Oy8TkS0BtP00MlYpW+x7ZQ9f5pLZM9uj8mG/QyF7+4pbFDzWzoD+fuvjIwqdWD/r6O8Oerz+HDzLK4+4HtX09a+YaSvGZhCeg1SXT6DHByFG7N4mIPbg+FB/dGzSmDi+ko2r59Ll6NOhHsXGf57W9PJ81c96/Xn+WQQoo62cKjr2DVIaWzp0AC+pnQ2Dsxdt/s7378cFSi+qDVBMivMsDz5IzPGZ/59vSgifLPtQT3cXZFijqJ+LbmHu9Ka++REo3+TkBvNEW1bMZW0R3ZfbOD7IfHk2FsuMdqiR2+0VVezvLK0gqAZ95O6tec/W/fT9mS4gsp67CPN0Wdru/bLW4d6LnT30ZRIAG9UZS0cjKQ7+5aR/7xuwnbNoq5Cx09criGVvmNFGaivNrKYNciLv5ACkkUk89eSFH3BUUdu+t8bSLx9ca/1AT0BtKUOSecfEBbR//t++nQq80ndGzSdQZ5JLExbOPuPn0ZG+kRjdrkQHI2fJhbCQcyrkErn3bGRIo17tuH0MaVd01Lghc123oxVm4onhzkDvAE8sPdwkR5nWIMxGfdzz9MhUd3xsz6D/920S0WPD6lxlAgUfIr6QjA2bC1u7tv4EZcZ/nM5+NfWfgVvh3ubuK8wN7S1BIe3x8N30ufgQvpXWz/E8gb+vYT0BtAzh1xoY7OlvDDd5M2J08gL05UB7tPb9DK/yxpqFOmwfjAc2cZqYsWp2b1nImK1WlT8woiJi6TcKHM7q1R0657pxW/qnl/yuAUMFE+02XgXONvMp/FB96OpCT0Hil9PQUS0L+Chlh30T+xWb8xOWAlHSj6SZqT109UB7vfNzLQHX58OiXO3mp6D5+zq6tq6TKl01EgUe50dDNOw1xyfLTXloooJonspyRmdlucs+PQErB//3DCfNKbgs7ypIW301I4Af0UlPNltP3Qp3Xgx7JdJzKJgzzJmacg56FbALsvrx0E7OQf35M2XicJ1ljWxh+6Jf0oQIEE9AJEymeBYPiLwBHivdsy+ihp2BPI83T6muO8GH/n5mC4IyXdvrxHJ35+eqomoNdNOynghPSxkb5wQ04jPCWQ103GGjc42F2xef/uqHzXd1k8t6Scq0G4KpcT0KsQptJpREcikRKg4M70UGknmomblW5I576KAhHsRHe9d2s4dCgUs/m3T+Nq3XRNQK+DZKZl177KseFecXTfqGJWH3WUkbLWSwFHNfP18bFei9+etrbWS8NkY1iYYoiMRExpE1e5Mdlr95kCrnAJKeNpKOCaeBfhb2muTmhnQjMnxVx91EwcvQ56HQjoBDIc0tKPpyRD1kG+U2dFhCcNi+4jgz3G1V0zn7pvUaImShWklImLYusENMQfGjwmzc0LEq8B2ZCeSJNjfSZV4Z4rdd7ihE20KkArxHY6Wpv2URPY0JJ1PO98BYpIWRpEgeEhjz3HNCql4hRIQC9Eq2YzdUX729vTkbsjie45YpzpYRTfiWATXWQTByalYhRIQK9JJ5FIzINQYuyq6pIyiBQ7Xs3bU4aGUSCT3uXYozuzRkxKuaLETUCvQSkIhJQI7+4WyBPAaxDsHC73a2cbnD0C/xyq/OarSEAv+gpFqR55QyGl2WFRojU4XzZTYsDt6BDQ0zy9MIET0AuQSpHSbLcanctSYiUFqNb4LFEjgi1DfBcpEEQxOieg16STJudi4fgfb1cH8xS7XM2bU4YzokB3B7qSJFsVJW8Cek1KSeOuf82KCFoGes2bUoazokCGbZSiTdkOl9SJaxM70ag2jSxHizoVhjIpXSwFGHRJrUhXEqxsFpUErJovJQG9JonI0CSO3qKIIlmPSh2rENXOJpMTv0Ox21qbGXiT+F6EzgnoBaiEdpfuFUXFhPMCRDvjLER7MYvFM67nqhSfgF7jTUbbK03RlRK5apDr3C4L5z7wJoZeiOap59YgU7OW1uQRTrHBWhQuKPHyGuQ6+8vZK2hToAfcbKdUjAIJ6MXoZKJ7wawp21lSIOPgCeL1ETkBvSC9koRYkFBnnS1DeHof9RE6Ab0QvSL/SN2rELnOMlN6BaeibgJ6TbJlJIpYr5k/ZThTChx6D4d+nGm133rhCegF3iBM5GBXFu9RBV/gnpTlrCmQQF4PhbNdGvXccr3yKpSapV35cmdzi4L8NpQA5f0xUSZVhf6/ofWcd2H+XPGZqL1Bz0WRKgoLuXzp5/1831p9Ceg13pj6VAOT99Lo/4y97WW/c8drimD5FvbAx2cChTyTP9fxZ4KYcXDzPBly66TyrsIqHyQRqzDVEtBrkSpjG/71dTOdSsAFIDsK1khgAlKrzGxtzV4oyIMlAulygV5cNaPP0XbtKWb8jp5pn/hVAj/P1SZbhPzgxjPZUFB5PDB6VPuzr3vx+pNSMQokoNeiE9xJ+N4X99hX5xUKTWSst29ap3bkKu73Xvi8tB4W9Vlb3zGgc04W9fJwKhvu1ma5rGq1II74R8PFdB5IgCsrqlbrz+y6tyEORopHJ1Avr26EL182w+radtjY2lEIpQN9QOO+gby9vcV87uEuG2+6BKck1fc8jCwyYVKxJrzX+yKsxuv3JwG90Dv3aKnM083HjPe1QneSKYICsL/9tBzef1wOK6tbAjggyFhibviIHR8gdMghZZ/APjbUHSYUraRT4aAiyGO+wg1pQMZYZ2zD2vp2+DS/Ej4vruuZNsO2pJN9gT7m8yozgvHVshraW5bC4EBnuHVjMEyO9tnzHM5fu6FIDIA94bw2rciRgF6LTobDCMasWxXuXbpP/+HG65s74dnzOYHii4mzTc3NCAfamEFhcUogqYFbss+euOHqzlZYWdsKs7Or4c37JQslfHNqyDg+t5pIr2/x1lpPcrrragtF0yYeJkoWK+Labz8uhJm51bC2tqN2YyrszhqJNMsP2udWqlGB6c+3s7cbZhgcljbCrak1hZ4eFcfHBxzlU4/94aBqQoJIXmCrkufYhQT0YyQ5ciLreOh9UACFIM8mWec/kvPYT+dSTQLqZviv3z6FxeV1iatyYNHaFg6a1FEFDnd7Bmdn22Vr6JK7KsT3FrbEqh4it25t7Yat7T3dvxk+L28IYMvh3s0h44h4vvFUsFHHWlnjhDUjArwpbG7vhFdvl8Lb94thbXNLgSZbTero7GiWe6d2986qhu9KWkH3sKXPnj0kz+jJ2qyxbfdgL7x8sxA2NAj+/GQytEtaKYM95j767YMAwS55J3HgOZor/T5MgQT0w/So+gvlD5+iKYJ8c3M3/Ov3mbCg+XiHPJfSTSV0CsTljh/LpJObYk7BwDsPWkN3d7vm5+2ht7vTOB3z3mXNgT8vroXfX8yJK66Gh3eHw+hwn4qg5MaD3YEH2g/Ch5kv4a/Xn8Paxrbm2p3hxvRAGOztNIDuq80r61vhy+q29A7b9hwWZKECyRjgmtFHNCnijcbNT5JWWppnws9Pb5TcODtnj5TJf/szEi/dnrd6xvxN1/44Ab1GF3COq0ziwEWTdUXHRnj2ct7mr8y1jUMDcDBZIe2p9/I52AnictthcWU9zM61hC55nx0Z6glT470SdQcNdEsrG+HT3JrE+eWwvrUXphWq6Cw84MAxt8XF33/6IoliI0xNDoSJ0Z7QJ6AzCHxepB1fNJCthU1x5l0jWDaR0HPao6LNzCcRaL9JYD/Qecn2rW1NGkRWQk/3vMT4sUx8z99QPo643snm6JoBGV3LOdJRJQokoFeiSu4c21QxmkHBtGMa5NzFiofZkpG6+LtPSwLIors9Ut598fLqvbg8ANCZ45wbEXX5y0ZYktiPuExIotuKKjouJdZgf7dNJ5bE5VGCOdCd41VsWt0nvSzE7/6+rnD39nCpXR9mltWe5bCguvd2d+WBBw281g0qbh09Ir0Y+h3sDH5ERt1v3g+v9Xwjw1kgRQ0iDuosc2x79ni+bOcnj5Qec6bvHAUS0HPEqHhIP1PnghET2K9WOtCoQAfd3tkJr98t2X2mnNKNhxVvsaQ4T4+/D39TFuvPJOpHzJ1bWAsTI70GPCKMjg4Tqx1Nd5xLW/YG/PHVBrh3yMLBz0qJ9uLtgk1FNMU2XUKrpiSeTqaPjwFHuLuGP1KrdBfb0kO8fKPBTM/EoKHHycDupdtfR78tUZZ0mLnL6bAyBeIbqnw1nS1TQIA72kXLF8tHTSbiN4WPM2umhEObTI/d00gBEA/2d0uZzTUV5arz5kFw1Fe5a5eloENTL8wDeObLC9Ja37kxFO7dHhQ351UeXdYqVXWqAx84/FYUZi80P0eEj9JDM2uNcFglb6Mfx78xhjnPA2gR60UJZc5uEkGRXJokxtuzaUBb1DOhyZ/UUuJJyexwKKeiBHHSndfzWgJ6wfeOwUy0Xqt2C92YjsvSz4fZZVdINdOpsXaT8gnxVkAVti3RT5kS7Gq+aWVrkGDOifhr4qzhocwlDUya18LU2jXn35bI/MfL2bCkufx3D8dDP5xXqRGcPV/GvCSIZ1L+YeDDc2D4gqjieD08/KFk4wEBN8/lQhDusjUX1yiFbUDGlG2MQCrYlV4CJSQndjQifJTUANBjPnuoI392dxgwIyWPXEw/j1EgAf0YSY6foDvRqX2Z6Pj10hmAqcyItyyl9Sjy6pDCLKOh7lGARoxdUDzxj8Scf0tg3djYCRvSVGNRtipLuS0pv6SWM1A0C/nO4SPg/ZtzAIe5LRxwXWV8/2g8jI0AEBe5+T5NyoP87cclW//flMa/vd1B7e2JJcd2wVybTdrY39GAp7GgQ8/bq5UDPj36dCroQntHi5YRYzm+DLeh512Txp7nh6PPz6+FxS/rol13lUGLFZBYf/ouQoEE9CJUUp4ikHFcwaH3w8M7Y2FyrFdmrIfNV0+qbnt7N3wR4BcW1m0e/kUmpdviXJjEIqEe7dwRcHB3QPKPXz+Fpw/3wg1p5k8L9jzIn2vF4Pmb+cBsgzpifUefIQLc2qr5+uhwZxgd6QlDMnPt626TXUCxboa127IsBmcF9B3RglRpsGIagDFRSsUpUOwNFC/v2uc8EKedmtBSV8mQxUkCgCypf5a6qBib8TaBGC4PmEb5CCC3tEY9J8C/F0eFu7H23iaF1VGwUybiMdFFt2TQ888/ZqUPCKaZrwQSb0Tlv3mQs07PnJzBi1hne7H9uVvj4LOjwQjRfEJLfDcnBwX0brsnl9U4M7/t2TMC2LPbHNuViLhwRhHHx42ToNnxIZbb46AT20DZKVWnQAJ6ddr4FfW1DKL6XT6qfBvzT4mmEltJDm7O5TiTrmWXPVPubxwMACghh24L7JNas2Yp67XMXzE7ZReYz9/V3SMOVP6eJrvtAsqO5rvP/poz67qpsX4aQeW5WqofxmyvpFV/+UYgFxJb9TyU7UOSQVODk+pGTJfkwnSGTSp3Zak3IQkmP8DlnycOOvbsxwjg7fOxxEF/kk2AxtIsRQLE3+m7GgUS0KtRpnSezo3TiVogL91Qwlbs3OUrJx/l80fuCpe/e2tEc++e8Pz1QngvbTtWaBalRPiI2m6MT1BqEWxidWs7zGgZzoAu9BbBuudxReL72ZWwKSOcDinddpukK2Cd25rOX+ihugTyZkVKuX+rP9zX+jr6B1IerPnnsYs1/vhAU31QirA25aVr+Xywq1Fuupw2tRToA+7XnU62i2ZYKXI++1HhT63rFW45diqCxAGvZWyZwf7t6VQY7OsOf2rujMIOkTpgXabGIcpiKtvZ1Wrz10lZ0cVUpD0xD1rxG9J4s1jQJqBjzoqVnrF3A/m+tP0HsozrCI8fjoUpGe7EFAcnZY6nGvudId3iou8z4KgequJ8SidSIHH0E8nDRToUSYDP0JD1Nz99xn+9TtbHXaS9c3NQWvz28Osfn2RXvuXGNOrsOHlg2eunx5OhrUPLeai9T5nu3tKGGYni6yr/P395r0FE+gFNhpmns798TAY6Tx9PHFvOi/Q5ZbWFb2NKwftIqTgFYi8ufsd1y2nMybdg4vnF0hlzkHzxPmVgnu8iOPWPaG/6f/vpptm/72h5jvEHZRgbXtDUA3IGhtMlH8ZaVCjOMVa1gYV1/QPN0/ek7LsxMRj+/ccbOZCLqdoAeLi+09dfoNUR46n3FiCWZ0mkqkkqetXhTlzzljoygMf8h7oEq3IJdh2O7qc874GtS//t+ynZhveapVqL5sssb7E5hJQfGPzOYn9jzWi9P2qujuILI5gdievsVvv56YRp+AHy4TbxHPFu6qc+z+Nt9ucs1oqUq9EUSEAvRFHrtYVyFs1knV+ZAUT+o1+cLRUDYP1TzofYypozmnnm7aMCO/oDoggva1cb+989lYFXKrDWQXYLBj+rmp9jpou4flMbaX56PCUjHmnhVTcp3+7YznLx/hyH8ySwl+lzvkdpjl6A3qeAy4mlAnIAEBOcGMs29ptvbUnZpQ0xrJezmQVHFJ0CdK8MT1grJ7GExzI9praA/eenk3Js8THMfV41Jw4LcutkG1FiBQW/eU4NK5Z7fnHTjFY4d0Nr4z9o7o+ijnk6YM8nLNvW5WUGBxk8w4408oj+7Wo7mnueoVtbbd05pN95lAb58tJx4ymQgF6LpvR0JVw/RdNNP3Oavy7Kwv0Qa+dlEPNhVvu8cRKpubBWx2w3WJO0TSZqZYMB+dulYe+TEg6nisMySMGuHeCRAPuP301KcfZBZa7I9n0z3BaSuM/Ba9mK/VGRGMAsy0hnW5z8xtRA+P7xmNbHvS4ADNhXVMf8ZzdVxWwXjzJ6OtWhfLrOKgCDFdtJsY/vzfbU35jsDwP9XTbQIeobKXISzMmN9PL5S/IW+XH6ezIFEtBPpo/3JvUsLLCOMLLsTu98tYrhOlZzcGPmv89fz9uWTFwz9fd2BfzADclhYk+nOJ9syvHOgvNIXEiRZ2Vl2xxKzi7Mh+aXTbYv/aZAMybvMgAeW/LvpQn/P//YNkcXG/Js0y37ejTmgLNIinnxTItjC9rzwyOfk3M/A8AnebV5//GLDSbQhHpRDrLchnONDtmyt4lQaMa3tBaPu6lFSQezkjaeaQMOu98e3RuRbcCQD0QlsJ/cwkPzf8vabPqD0qLIybdf+6sJ6DW7ALzVl9bYYFItAUY4fjWLLvVnAzkd9ndZrv356rNA3Rb+7ftpMxtlTZytoKuaX68tbxtIEIEJUsC1wf4OAzduoZfl6WVe4vmMpIExrWPfv4U7qR6ZjnbZLjacUFJOt1xGb20I8BL7ayXatanpA8BdlKMLDHIQ1xksSB9lqMM+dKQPPN5Maa0dN9RY6aGR31a72JwDjfB5h6FPt54Po50708NhQ7brr99+Dn+9Wgj/fPbJLOoe3BnJwA5tKreQXW1ICkxbItjN9t9mD0ZUhKOUalAgAb0GgQA5HQyuaQYqR/I7gOF24l4CO9zNU+x9viwWO/JzAfy5bMhHBrs0t56ynW0zcsX0UR9cQG9qnmu+0LldnT/2f5bP2P0F58T9833tisO1EzvXlvSNJ9W7N4fNxp1y4Mrb/bs2JejQHJn28xw+bSg/RFaN1bmhQaFdIF2XEu6erN0YPADZsxfz8hUnSUIPcVMbZnoFcPQKs+Luq9p1tikQH2BgrwQ9SDxvq8rqUpsH5J1merIvPLo/blOPf/z6Mfz256wNBrc0NSAv9UT9QKQpA8iypgg9DFS5sQoHm0gTRh0MhtKaOsQ4MSWgn0geLtKRZAaqngUnOZoicHq7O8KbxWXNl13xVO6sZXC9l0/3Zy9m1fE7zevptkTz//8/34Qv0nAjNtPhm9WJ4Yjekb025rrgZ0PzeCzV5uQckvn6kKzkbss3+ictg/32fFZgbpFPuQETizcFWlxAAUjmy1LfHW26/84aiqSwJSXgzk6ruakakARB+vOFuLAs8TrF2fFqg237O220cZ2CylV7oY25kDLwebHWZpW9KlfVDDwfJX2MaOB4fHc0/PTdVPi7lIe//TljXN8GR3tGp4GX0KTpwZamLrs24MRz/i06scRgKS6qxyvpuxIFjvfcSrmu8zkQtu824NW2RjpWNE+Wx1aUa8CSAYBNH4CXhPOGX7WzDNH2nuan+DT/P/98G5bkVBFujajLdk4dWgIo8cMJTnOdeTAvjYgob+WTDus4vMUiBbx+t2jctQfFlxR2KPcApI0SFFIhRZgwGDCI0F7s6hGV4absR2eJrVuceXFpU3NsgVyba1i3Z7953MRCObG9fJMYAGgzz8YDzGhA+t//9c608kw30NL/8uxjVq/zc6dZk+kD5j+zeuADjksjXi60bbd9/f47/a1NgQT0E2iEyyY+dDKcLsTlrZI8nd0bwcz2UjzGIJqTfBmqScteK+EXmawyB2fOyt7x357PWN4OAcjm/qaljltUsoKPfLkmm80ktEURW3Sd+fq67WqTyC1Qf9H8OibpvlXnrmnJORdBHa/7t5/dk0EMInhpZNJF1tLhqOge2CeO1R2cFDogccT2HC6v/MuBr/KRKFQGy4Q4sPiXwM21MUkIS1+2bGkQLT91+zq907BNElS/pB9SlJxi6c26hrhP62lLSidTIInuFenD+KelJa0fszea7jQozXinxHJSpX4V57/Mbf8hsfQ//vlOirJeW4b6qLksii7WlXGVjFfZj7Nt5gyRzSmUx/IdA0ap7HgAd0SFrW/r1voWdPmpvK43QCLYFeMGPHHQ0WVJFK4ph0uSKo/qfhaJAMcXkRvbDfojjCLQ2PJas9b1EfExl6FJgM+byQ/u8Ho48vbakQI1CJLyXiE5R6BUoAdx+LGRLg0gISxoMMHn/X/88lHmtf02GKD469JU4cnDIS9K9xvQ/aHtHIMPbWOAoj3QgGXJQ22wnOkPFEhAP9IP6IgsazFvZGkpemA9ku3Yz8hx1JXF8Vo0j122mGQskwGHZs2fDyRLI9rfvzMa/p9/u2luk+CaiNdb25IeBLa41dQriGgnACOd2X2usS7dpWUsXFUxbZjXnJ0lu6lxeXXRwBQTFmwlxV48eeQbaJBoJXnd4YNrvsbFcd/2ailN3La7qzMMIrEoDxZzDAoY7LhfOKCWTyCSwUADEW1WewF3r9rLygBx1zY398KM1uGpGS7OtIFdedzDO8BeIA4jpcErkkN3oZtgisLz43CDwQG/8oZ1Kk/pEAUS0A+Rgx+I6vsWISWCnM5U6myH8nuHztiZcSc6HIkOvSCA4J0VJR7LZNp/Yrbo+EXDGwu7wO5oroo22zmqgMl0QWBCiw9/5FqbnE0Y91RHZ/kOhd2uBgbMXWcWJC1oGynBCr9/NGnXzXpN920qz7b8t0WObg2r8oc97qzZ4+GVRBlYs/2gtfnf/poxzT50oM3oGBDFmdYwMHCe/HBXlIreZsJK4RAT5aL0D3oGHGACRlxUsR6PkQ0+9DDGadNUBMUhI9rwUKdZ2P3+17ykKrnjypxemphA41Qf58rng0lM76T4a1d9R6USbrnuKQH9aA9QJ2pSx+vQfPJ40kXjrfkrvmxFNFHCBjMPXZW2mC2j32k5Ce04iiuWirAgm9Vy2LxEVdak33xYksMGNxNFq90l5Rb3AepmAcOs0BBNVe2+AMUcektz3HWVs65vBgS4+ncPJ8JdcTgGAaYQmgRYAxkA4LhVZPb8Q9gxXJoPKXJ6Akb8959vWIw0XEy/0Fo4g1e3JAqUgObwUc8Q87NiQBtwb721oYFD5WFjYKsAduySAHQCxExvWILjmYm+gsUdSkCeoa29yazvkBwGZU1Xor251NZ0gHel+3Y1gjJIcZxSZQokoB+hC1wUkbGkeON3qf+UDuwuD9bgziCtE2ryjcINrTVulVwZV65gdDho+WvIIoniDpptpYiw3LMnpRqShLNx6nToxHMWfVWnTKklTosia2ykO4zLMg4TWBLDECm2F6s0YrrjIcbT4fZnJ+2L+pg2IEL7CcrzaQfeY55qMMG11Sc5bkQbTojkFQ1acHX9N4kFtMd2o6iLtVE/ICRwJGviQ4M9MhIaUChoRYWImbLGIJkwODCoMEXAmQYPxjSkTM/DN1G/xXmzMnhW3mJKeQokoOepoWPnEixlRXAcyXDsJ3PKEFbV8bHrfnhv1Lh0zEZ51pntAE18U5iW0onPF7iXNOa4Omapif3eiJ1wam5DwdQqgABcIo1i4YbbaNxHR4u1Uj2xmuwEov/6urhzTZW0g4Y6aOKqtOscAEw4M223L33j5ebBbX3k2op96oRzxrgGizgTu1U3QRpYeaBURHeqR9KAg/dJAiBoZE9JFKdsnlSZuIHq9O3us4Zt0HkjXUfbRpPm9XB0y2JZ7Uf2hwGgTVMALyt/JR1HCiSgR0oc+sY+3IEeO/mhy9kPB8eBrNPWQosGBmKTkWLn5TofS3aAuEnH5nyTLR3F5SM7mf1xhZgDJH/+6HG+rFhNzANnRsRXJObCiTatAFwNOlFK4Ob4DPnniv7ajxbO48F9uafMgY/mijQql205soeIz4U57mNFiyVM9KyWKMfxWX+8KBsQWbNPqToFirKt6iVcySt0mkz8q9F/4MSIoxblVHfRSQFMBMdh8kSlmrgP/5Q3w/2hbHBAPkcTeUv3GPfz8vL5qJuENp81a7NFj8+Sz3jkmLKZFrACsCzpxNPhhy89l7Uj1xaTP7I7dAttrwRyb7tuVvKyKP9wHflr5Kccwk61q0w21VRKlGCrGpUupnNGgQT0Kh3Bu2OVi7nTGLyw7ZLEPRFoduKEP4Jo1QHBAX38ZjBcAttxfJQGDTjqZwHdtO/idJRXJJn2XyL/gqz4eBrqq3ivtSPXliNgrd7+4wPTSe3iWSmL70EtG3p8uWp38JAFH7RaEVf4fAJ6hZcLJ9mVtptUAU+H7gAMMeUO46lTfVNmvtx6C2E/Ooo+xFnjoicW4M9pxjjKh9UdO+PYFHPa9LXtz9ebp0P+OJ8nHdemQAL6ERrRmej61cTEI9kvzU/nfN4cNrlsyvSVDSdIDlHfcBLHQ/RFLYECEG03O9NI3wq4tHpJa/VJGncocTQloB+lCGtE6iusy8b0bQiE3ko4+YxAyuYu/J9jtor2u1aySK+Gaso5sEARZvvOL0aRS5yYqrAG74NS7We9xI9yZk1LVDlCWpS39GsMUkrpcvdzA6LrBg5stxnLXa0tctSgf6j9CiUM8JW4B7PVZW2OYTsqyefKBcuxO873D6b8tuvNqk0cvRL1E9ArUAXOgOjLBo5vKc3OywedDE0Qv8G3Vvit+RbZpOaDAGQEfd0jAiDGv32/rLX+zICm5v0XlwG7A0x3sZNPqTIFEtCP0gWAqMOw5ZP4Y5c9IVbDcbEmeyEvMHxzDo07/1DIVXKYcfS5bElMvQHjvD02sithyINnmVgHks5lTAzI25jA6l9KlSmQgH6MLtrvrf7CPuy1DVmJKfnc71jGCz8RAUhD/lL00zkti2FVxvbaQe3jJhCiu12q/pqjoIuHGJbX9mVPOq6NK9PjA5IMmjVXXzKHFtQBHajzsqT4XrAXYMMMv9OGlspvp3oPqJz/GpzFbFM7oCQO4sUlpsvTvcst8nm5RGzNpdkkw0aYR3LV9LcnU2YueyCg4wFGK2Y1k20PVV64+YDWrHFaiaEKduR/vvxsHnLKhVwuamDNh/kx7y2lyhRIlDlCl8jhkAJZj4ZTWLoEfTvPTOMxvuF/l6NFVgoe3x0zp440FTNa4izipSVyPvHkI0+r5bTsDNN67MXJgvjPN1tUCYlMNFU85LirqbIBDm2I7ThW8BmfyNeLxx420VR4vDNuxbdTfHzP306Lz7ylDnUMR+DouE2+6BTF5QjYKLKjR/jl2QebZjx5NC5/6aPWVAIv7mofOiGV2fZaRkCl0UqIVmKO3qHtpwe6B6eVsc6nCo388O6ItPBb5gKKba9RC0978m2ygs75D5tpcEBp0k2lxzvn9lzW6hLQK7wZPLchBW7tKpCBto+S6NB5LlLhNjuFAqxRCbBFUKt2czSBIU8U2X//azZ8ETd7Ik84D26PqFqvm91j22o7HA4HjjFFUMbffMdzlBn34KPBZq5Owtb8e/l3B+y4ln4uv+wk8sPpv8j5Rfwd2xvbYRdO/YdnqU7L2G6Me9hBhy87b/GpK7zSNyagV3m9KOToOZiDRu52UseLebgtHlcpuuZpBhS05oCJD1pl5sn/6+/vzN0SBXyaXwmfBDycWzxUIARS9CSD8QjRT/Gr1tHpm2McMrSueiJOGs4uCNgY93fj9IH09PF4uDU9FN7I0+yXTMr5Re6a//c/3+vcUmlAor1FBsTqreAKAxzf3t6T6IlveyQQph4pVadAAnoV2qC9ZT0ajo7Hk2opdmo03O+1ndKWeayzO0Cq3VfpPGXx0e0GOPKwPfM/f3lvIZzgnmtyUmHnBXK8zj6+7yAHDOZNVhcBJ2vL+GnDg42lE5oTgcSecVw7meifrSyiyOM6S1c/COz4rZ+T8wnqYBvsstxiEXkGP+04eiQBdlJ8HvtR8E+8hzLg1tgFxMS1fGIwJKAkA0M2JuQvp+McBerYrZy765oc0tlYZptVx8aVUdZ/Dz99xknwL8fyFp+fnkyYyEvGCKLjPTHfa+HcDvBY+Gf5e/+oOGVw7XWBGwljemIgfHdvzLJsSYQnACLlUpJzUi8Tv204gMCBJGD3ZLmy48pfXcqL/7Ydgbjc7nK7WLqbGu+3raw40HgirzO/HXyS+L4l45olc3Y5PdGrpbl+7bU/TK98eV57Rjj7UaaFDxLuqecXhW4akMOJ6aZ+yxXpbwOPfuDs44s+DMgutifhvfKblQ6m2oV03jXSMLbPcsC4c2tQWunj5KK7xo43LM+x/xRnQ9R+LMWYRw3Nd+g8VY+fZ867oCAJM/NfLNLqGqasQnifQiBNyjUVy104bKQ+QBfdXR0tCZGdgYH5NVr3oomQU81S1VOnWdeVbizX0K5tuduZOD8ul1kd7dPhtUA+J4+ueKf5XcB7Ly48ppjt4/oMD3aqre4TrlTcsYNy+VyylQTpH9CmP5DHXFKkMcc+GPi0ioHYosSkGTqkqZqO99yqWa/nBTaHLGtO+nlxI0wqsGBlvugdFVfL+CP/JJfOuFmyji7w40WGmGZwX08SrQUW3D1hfbei8rEtJ0jCmu5DD9YpH/A3FK8Mv2oj+kRPNCj76OgDcgoZ3TfFNwM/Y0YOYDGUQaFW8uGmi8J9xUR9XHOpAA28vLbmMiMyR26KD7rBvnL0FOKq/fTE48B91lIfrqeZ7rx8vWBcnkgrtH1QseJ6FLaqUzoD1vZpXznhHVahmvX8nyUREdWGFQX84uF6ypPTLtIf+s1L0jLzXka1lE6kQAL6CeQBOHR+3BgjQgP0Sl0qgqBXnmbgvlhq8cGQZVadluuI9vRtyiTtymRzQx/cLHMSz7PdCpl8U1ZtQ5p7OzA0Z9Z9McHVYgMIubS0vHmI08XwyLiBAiBMI5Y0gOCjHlE7JsBCimfiNSKl0u7pCQ/FbHniw+kHAwvWcniGjSlyWgJd8Ll7c1DuqDR313ydsFOI1jjC/KC4cyzaA3IGsbijDrhLnWDr/igAt9BBkE8DY78GFCQXUqkZ2ahD0Ac84SB5gPNkEWdkqvonAb0qafyCWck170vRtGbOHOFOsXMfvZVBAa4+T2ACdT5E6PtypAiSibuGUYfNJ8WNAPNtieP4PUccxwcbDh8rTQ/o2yTK93QgN9IdsgYTQKQEZBBBIphVvSjUmEffuzVqKwZ///VDePJgzLzSxjhpsZSsMAMwccuJmooL59uKyoqL5k8SwQEhIZIJlkB9Q3p+vMKiAIvtKbcPaaJVgOfTJeMdbQ6SaA13RgzHpzvTGjj2opRo0IJBlGivT7VEiBurl3InjdjEHvoYjCJP70gCpjdIRHiWTSCPb7L6dwJ6ddr4FXU6NM9wOvZ5A3Tv4KCvDJmM0UjU7gqvxYWITMp6NPc9kdHJuubbL98sCJStFlKpVQB/pPlnpVDMVJwHT+zc3qD4151LGip0Cp/xz6T9Rlx/NdBjdf4sU9hf/pgJ//Gvdxa6eFihmhGf4yYX2oexyYI4L+6b8S7705NJs/H/89c5C+CI33aipvSIiXdIuRfDUsVW8B3bl29zvI7Wnw/cnsQ0BR/4cHRisMvW2EI+EwX2P/75wURxKIs//LLk4HR2GjeZhR7ThBjVxazirPT0pxoFEtCrUSY7L4YmSdLnu3CiuzeHDJyHYV7u7CjghjQf/TQvw5ZmHDgsW/igh/dGxMlWbe5OgMT5z6uyNJuxGOmIzi6Wq0OrYIATwXNS85oskIHnmFTklx++mwjvxJkJhkiI5n/7Ydqiqj5X6GMiurzSGjhcmYGLeuCE1A0Xf6z1+EfyuIrhyf/6+9uwIVfRRGW5LT/0cGdSrTYdvR6Bj/NqphVw91+ezSpIgwJcaNAgGAVKO+K6A/5ZtdEGUbVrRAOmSw7lemP5nxRLnmVGfw7eUEq1KJCAXotCNquWvbiYD3G+6ZDM1S1SYpmhWynqn+LxTXadTksetMLEYXt8fzTcFQf/1+8fbeMIIi7zVjzIPr4/Zh3cOVbNBlkthlSTKFDP4S21SeL6cLgpzohNOhr3FYnL+Kf/UVz6O3Fv7AHYehrt99tkIMOUYUB6BfIjYu/Kog6zVwYe/K+z3OaJp4vJnzT+qvYNMHkmizijA2zyGSwxy2XKwdIffvBJhIBmQw21Yc1HyCpSFNvjN+I6y53mPUe+rBXAyvKlPydTIAH9ZPrYVTOJVQ9kfgmATSkX+3/+/gypaIv7ejtt3szlWXHve1qeuy0QflaUE2KMdyjcELvNCHGEOH1jkrVi1q99TT1fbOXj2ACGFoc9f5mvs+a/IM33PzQ/ByCj4syjio7SL0kDBZcnvwsu+2F21SKazmlq0tnVEv77j7dKft3LkI71cXf+OCuuwlcEJ5devPpsSrlWrQiomZIsDsItxXBDUYilHdp2PNyhkBtSEMYo6h8tFgXjsiQCX1KjdSkVoUACehEqKQ+aXXgHmmk4JsEF8h2ZYky0VN8DbNPi+kRiIaGI+jCzGu5II33/zqB2xa2bfTYmp9sKhPj7ixkty/k8ljKLAskKz/4APWFH3DOY/Tnr+WuqF4UXZqsYtKAP4NOqAYZEYEckjj1tVqNe8m4u7VjYZ8R+s6rLBi+7od4/Xo1Zt/31RpFS9Y+Vhy0tKbJkeFdAJ73/uGIWhYwftI8oNiSnrx26SK8RgqXLPW3aQSI6OZq835f+OgWYraVUkAIAAaUaBh2esp6cux8xmjQlK7bezLgF54XMK5EIWHdmCYpNMzsSX1lGwsfbb3/OmVaaOaqDPVdogUPWlRGRqePZizmbZhC+Gc0/hjVop4mThlHOspbl+LB2DY7lXs7yoCAkL6sGf6gMEu3B1LTeZCAVclkNYPMN2nXK39Hgguh+7/agDSQMmnOy26cG7iGk8pjir5VT2XYeKWVR5bEUaYNqOVM6qkGBBPQaBIqXUVzRudBqLyytWsc83tmUITsJN5w0cVzSgKTVRW15jS6Ub04NmjEI4CS1SxOPpPDr8xkZ0vg2UAfXcYABBnDnH47dbVRcC38mUFEPIjIcL3I9FIoW7FDgY24creqIzmLKRj1R3NMNx8cx5F+vtdSlxADi9Xp9+fotQ+kP7fU8DBAsp/2qefmGVgSQclCbIZozTZkcc679EcWadAMMmXi4uaEBMtZng57OZyS1ublbwhE1VhdSKkyBBPTCpKIjQq4mW3aCE5EAQD7RYeOpmxODmqt32W/CHn+U2AnHpdM/0I4zDFtQLtGRAdfHmZXwx8sFK47OTl1HE52fS/7hOAuvrAGCzSWEYsaopbkpaqO1YmCFOLcfkgb9p+8nTUPfKz0C9ZerUV7W+vWYlP+X5tUv5bmG5PV6ffn67WLpj7eZvAxUvz2fk/KSuHTeZnbFsSqBlp1EFNkZ6QdseGBurvn6RDYAWAPIlBGT7bkMhgwUPFscwMiSUm0KpDl6bRrlcrjBy4ZCHSOSorHOoaSUDyCQ2Ol1S9zr1+ebEjeJgLKhZbdVnRswZdMdbfv845XEWkkJcFaipbAEhqY8bj31ksp/GVjQWDO/Zjvq9ta+dACbZgWH+akBX0BFAokJ/QJAAWQ/aW0d/QKJNXIUdhjHYExje9CVl3txKkk9GNFggYclHlOR9g6tf2ugYkpgASLiw8bK9I1W/3dJJx9lcMOaPZLELs+o++5rXh7rZzUCyznIxbU7xHiXWE7yv3Zof75ovX9d0w5XwpXPp6NiFEhAL0Yny2UAUKeFC7IP+oYAW6GfW14YEdemBXQipyxoYACk76QUQwvOTrG70sQvauvpjK43y9gMQOyJo76QyLwkE1LEf3ai+SZRAVBHuIiSjYnN7zFJNcDr3AFAMk7uXDk+FiDHK0yHBp2nD8cNZEwZAAwa70eymvvFlvwYbMoDBM/KnJpBiDX5T7JEM2WezvmcH4MXYp57NBhvpWrVQ6NzYMsqS5JIQdACLfudm/0SzV1kX9Zzv1O53IcXKDbtTI76NWXPAd0hz9q7uXRW+flBLD5n+j6ZAgnoJ9Pn+NWM1bCmDtDo9AAYTppP/lO7zHT9joxsln4n7vi+5urr4fWbRbNcgzM+ljNHrMU2s3ksm1AA16e5FeXPl6jjXBUShu2islvdKPUAQF6kZe5NWdz4SAY7AJuEUjGWjXSBRPBCnmN4Bp+vu7CPGA/4Eb1RJ+BLTgKE0rYBlCNLR9rJs7dI78Ccu0m0gU7D0rLbTjSdQw/x4vWi5u6am0uS6GhvlnLONfBHaUlZJPamM0C1a4rjrfPz6W8xCug1plQvBeBUiJGYnZ6U4GQk1t0ntLYeOemb91pTzhwqDGhtmz3mhE7akcEIHBgxngGiXQA49BGY7byulZbKBJQ8J44vFMCS4KS3pwfDnekYu93HCwAEqEiY4mKggp+5CHbOU4IPHt4mxPtYb2wHu/IOtVFtZunLQK7hYFtLYZ0S+R8/GLWpDOW+klTDKgR2BHiqvTE9YGv/pdGHTEqRfkgxrBbYCUa2lOqmQKJavSQTNtizjRi5kvlLO8Rqc+UBmsih4Fgo3+i8bBRhCSx6ZGEKAMclP/NiOKl/MqDpHgOcfcdr+W/HAGXDeeHWcD3aOCpOGq3PTJNvAM9ApPoYfEyyEBD7ZSGHVts4ZlYWZfIptylfL8f5tsVjndeFLdXPXvSnD8bDiAx2SGjZMZ5BIGEKghEPc3MS9TAAlZNOKPEcLAVCn0OXyxnTUQ0KJKDXIFCly3BdAMKec5J1Tu+TFbJ718Ra7Y4UUXBYFFk4NPyXXCjj3JGEc8cf5ISRTSOsOftHBp4aFWp+QJul+K32iQv2aGPI0+/G3fBF19Hk0xraax/OZcqvfpm7Pnk0ZjvJuNeTyvPm2xSgZjtKbZVaUQOWKf+eTpqegvJYn/9VfuY8IKJkDklGD+ROmgGQZHSMFdoZ/7MhkG+rbJh5DO+cu5wOC1AgzdELECmfRbxKHJ3xEaBv27yVPdNllVk+t3feyKkQoTGBxQ8c9+BkAkXYU7lqZiDg+oBMVHFIuWMul8VbM6AdLvXIL1WAM0gSIvMe3FRLV6zj98m8FmUcXL5aWbSPZ2KXGpLHggyC8AhrUwLYu9rASkChxNigsrqk0R+Tpp4NMyS20D6TJh6fekwBmO+zHXaqZAXHfUcf1n/jSgt62HV/zEJNSZnKFEhAL9OiriO01rbPWsYewwLtSYn+iwhv6+f3huWYYcs003BczGDZXgq3n5RFGJZzfOpJrEeznLUu01IYNEAHD+8/LJvpK1wQNVs1jACnmAdQA/w9zGf1jGj9++TE4tHd8dLSVz1tI+8reYmdkXKxV8+LNSCmuYP93VpCjHqD48pM7ou4x6CGwYopBgNtSvVT4OQeWn951+IO5qvshWYOih17tQ0YeWJEbsVcFRtvwE2HxxKsv78jvNJedfaGP7g9WurgcX6fL6fSMWvV4xok8CYD9ztQu1C2Y5zD+rWn+F2phHhOJrl6rhbtCmuSoqxNirXurg4zSzUhJmar8s0AwZARnxVvsn9qiyy+7+4L1BgMIcV0iNs/0JbY6P8u5s8XS1kAnSkSTiAZpZBWSrOUfOZ0XJMCCeg1SVQ5A5wTf+I4bCBFrl2p08YSInDvajvpF4Hy7ccv4c37xfD/Tt6xfen/0vx15bcP4Z6W49zrLLxWnV293lar/Wcszr7BFpICCj0+JOrBx7t5g9W3bam1K7X+uD06W1bj3D1/B3UdboKfAZRxz3nMgbPIV+8XjAv/+w9TsjuQ00itmyPW35KWPW5cyZd/+NjL3tySoYxWN6Cv180Uosigdbi06/4rAf3UPcA2VdrmkW1ZlqFdNrZzQnkMAoAQpdgjOXpAGsCv2h8vZsO//3gz/I+fbkobP2vcnvkyrpN7ujstP8VyLyk/mETgcQkwxOuIuSRrlh2d/k8sO9YVS7LmyPkF7WnJYMied/zbm3NMeYm9JyUjA9XzV3PmaGJ6fLCiZ9dYpn/7c3K8rPjs61LGsfbvz59AfphWxX4loBejU4VcEt/V+Zg/rkg0HTFEHYXC8dsc7MHMZx/K4cTGrx+15LQaJsTtpsWRnzyYMC+qcL8/XiyYWI8nWJxO5gF+tOQI8njeQBh/VPx2jlnxkk7my8sf5/PH9jB//rKqQUtKvNW1DW257ZAt/WRmIhzkQkshncXh8fX+UA442FXng0dlepWvHci0d92sAdnxlsT2PPXrO05Ar49epdx0OtwubUmLvCouNiKfaNUAUbopO4j5pmSksnpbvtCfz8oBxWIYlmksZq+D2njCB7fJmNriq25JU4R+OYTslja8TXkqQ6RcU6yjfOboUa0SjuY//BvuurUlx4/6oFvg2Gz05TGmT0t1MWHq+kqWgJjTfqeBDbdUtkJRu4HSOWxqS7DMgxFO5JDDJaYkukfa1vOdgF4PtY7kld7KDFzY9HHnhsvOzo2OZKzwE6DAEe/fHZL4vxHeaL7OhpYnAkO8FgHPhhTWkom+wn7utjavq0Kxx07Bt419Hrty/ETk0MevHD9jyj5xcvBq/uwzf+3k9PYDS3nQkd3+6sZm+E5GM1GHgGKt2kgVn51ymAKwosA23uQyCoqcPiWgn552difgYF6KQwpfMz6hF+fqAiB06hZZ2T2VmLsmhRMi7viQopvIMSLXSJSPSSmf0yT4YGFRo44KUNblOXe81dtttZpPvHcawG5MDplNP3nyQI73HP72e/HN91GbfSzQA1tunRyHs6ZfhSlQ0AqicHnXKyObPqShZp7+WSI2qThXlJVaBvYuze/ZPoqNO44jWFLycrzTA44I/HoIzD3sm8cnG98Y+FT6WB4brLDSqx9R3r7YMn8udrCxPx4fdT8+9lh05OOZqyXGNq7z/PjSw58dNElz82oUK37+dGyiePlXOif6X/VDWXntS9m0oigr/QbQ2GGLPLyBXRkR03+Uu+a/Szn356t5C7oQQVF88DhcI/fhmPKl5v+UxTr0cSBjSccutSZtPBnztW3lOgGPhyshb9ZQhojsMPz214xNa1hNiDb+nq/6QBLvfSuRHeUdzjiwWUjp6ymQgP6VNKQjsvRD+F7cRbkPdLdMq70FI4OTIeRAy2m4at4RN1uwLaX4VXcuWA/s/IHiYIP7ZxODtVsOv3GkCDV+0VI2l2DQEveD11+bFavCVLLQipcbBhikFIyJDivfKpcenxOHmi/ezlvL5LJCc/ME9Iy6X/WVRPevIp/fjFeUTWmd2XpJMs4V0eRZTvwLJwMjpEfSWrOtFbEXJRxlAYJ6UywTY5ofJDoTAkotMzvzNrWXDzbnDEZTirVG2KZ4T711kT8P1OeSSB7eHTOrP4aSWsnHB3/OvxSckQ0/5vEmgbwW6QpfT0AvTKoTMqov46fto/yfRRfPgKqelAf0j48mtSmkVeIvnM0HjlNgPQOu4qRrSc79xmv+KzE9znnNflxgv6nNNOgaMGwB7PWmPFDZfksU2egKy67VoEWMOEOUGTzZG6PNnwAAFZ9JREFUtMgtbRLZ630LJ+dPQD+ZPjWvQsA4V9+QUu7lu+hM0blczQJKGRxkcEY02iiw2OHFfNVTbc5YKqrCQb8cQbaLu1M+y4Ikpr9squlTcEfSaTtDHBz+fDlv5rgETCQ5l7fDqn8YCBgUod0LrTpgtttScmxZ9bZ0oU4KnPbd1lnN1c2en0EC0I8K1IBVW/0J9KGxdhGWqKiPJcYvyvcaWvN4vv5y/Q4A5HPlfAmc+TrLccBMQnmGlvyJttxCBwe5P5NlqPInDhKvZPO/KvdcLbKOydO0ym3pdJ0USECvk2AnZXeXTvsyXZ03Eb4Mzvq4cbyPyK0o0wAR7pTi+ZPacPyas290CHivYTCJojs78Ha1MQcPLp4yVn+8kIpnIpgxamHnHM4zsOyL5yvelDuZjRHmURfXWhYdNXc9HTaOAgnojaOlASh6jyFcMX7lHJynrwStNb7Yl77gzSaurxcvL3LMZUkGeLeJvwE7bcOnG5Z9pHitWOnlqQY7+CbG2YBDmKri5cT6iM2OqyiWKr9OvijW8uuYKwG9wW8dnkmU0s9La+G/tCYOtzsNJ84PEIC9W1FXnSMXb3DkmHhhXZZYzCTcveN4Ge5B5kAcdcu4MGeLyx4uluNumoCSuKIqp9qSQRT5oQ9BHkjugbZcSjpqHAUS0BtHy6wktNpy4CBnEOzmIkACmniAW2/K38JmFpacTpNwlYzo7uv6+Rmw+2RH8iB8kqXiSLfseIWNPt84kW+zZajxZ1l2/nh4tY0rSQlXg1qnv5yAfnranXgnmm0MVAjIuJBxrMhhT7yxoRcdtczB2Qzj6fgrP3y9TqSfsr1x4GNPPpt1bIQ4n6pP2eJv+7bjb/3bfp5L1Xr6LcEO27UmfpEpOpqsxG1RgCGBbJui7vxbyWYg6IS8E4ei82/F1a8xAf3M3rGHImIe3NEINy+naqdPFw4Oolad152HE8eCmb4OpKjzVP8UI7vxVF/oDw7iMsCpSkg3FaFAAnoRKp06j4w/NFdv0+dikoO3ra1NkrHaUAJ8rjUCGVy97M45Aj6X5wwPI8iZ6qR0dhS4qB54dk90mUoWp8SravTfdlFNQ6rwF30UTe4CGpHe4rFdRAMrzScuoh1XvM4E9DN7wfhFJRKK4pVFjn4UZ2dWdyzYK7QoqyewTNw84QDjQtL5aygv5DEvutIE9LN6AwcirZAOiCJHP3ecZ8+GM0amEJWFcontctXUlm1hdbXYWRGlQrmRo1duXIUb0qnTUCAB/TRUK3CP7aMWsgFQ7MsFbjuTLB0yS2W92+fDuVcucGG4Qthirl9EYhBiAMyrCC+iHVe9ztxbv+qPegHPJ+oSJ/yiUhxgCHHMLjVLbFnLUnTqwEAQ17XjPTHPWX+bEdAJ04qzrv+6lJ+AfoZvGk5F/PDLkLo7PdhhGebOzRHpCY3k6TzlZ68rcvTLQKOr3IbL0QuvIIUjZOCmF5miTXmP9pyzjBZ1XzBRjlu07NYlO3pSvHYe7Y11sawX7foTYz87yiegnwFtrcMKRIjB0T49duwzqK5QkZ0KbMjOOsG55HiCiXGrgIY3m4tKKAJpk38uqhVXv94E9DN7xzJE0b+2NgR4UuTx/uv8/nr9nZ2tBur8gIPbCRRxFyl1QB880F4Udc7vPVxsTQnoZ0h/QjY5xzrDSmoVnY0zzMMBtOvieO3+6glhDLe3dN6aOFqhqYNb7XkT0t+zoUAC+tnQ1ea7+CVvF8f0FDn7GVVYpdjIK1F6lZVumZcZcVKitRq+xeovooXMz9EdpHS2FIi98GxruYalI4pi/nqRYrGTXSDK5OLhAXcOgf+4fXmDbZPEMZKdO3/R2cGN1WBzAvqZIyQB/SxIDGq0WQQjlPJmkbOoqFiZEcQTit5KRJhd7Rjb17bU4eFuxXnD3zvpgrhq88VIEv7M1+fvxalbrzCN41p1p7TZUet+UTiCzHHqjSeYn59Ohnk5m4SLjo/2ldoX85zfa2H40RRCUWL2S9tUMeqJW2rPryXXoaYE9DN7y1q26uoolX5B/LJUfzwgAmqlKKjx+nl/70iyAOgMNE0meiBkxqHyvFtzdetLonuD3210vogPtIF+B3o0WmlwVacqzsV4/rpP91MV0sCb9hRjfUdBKm3Zz5CeQN5A8paKSkAvkeLrDwzkwhCumwb7u8LoUM/XF9rgEvKSRf64wdUULm5QHm5v3BgQR5ePeSkIk16uMOnqypiAXhe5KmfGTTHr0rhjxjVSX29HeHR/TGvovpEkbhipfPdFnAXiFwvzaPZKwIe/KerqY9ELc1wx+AT2M+gSaY7+lUQF4ha4UBJnZ1drINTx3VtDR/ycf2UlV/R25uWI7HwT5WVPnmqfvyb+2hV94At8rAT0ryA+nHx3f0/BC9sU27wvTE9q+arfl6ssztkFc82veLRzu9XBjjKuKTxQrDnizM3MrtiyZAJ8415DAvopaRlBjgnp0wfjAnp/qSSUb5dPXC8179IdRLC36OD+7dGwtLQpP/SKNZcmlg17V4mUdZMSiDebeIkt+6N7YyWQR+16Anm9RC3rDIZl0DM53qe5unbZ6V9KjaFAomTddNRkXP2S6Kajsiq7NTlgJewlLl43JfM3GFfPTkyN94cOGRvtaQdO0sLnqXT64wT0OmkHl0H5Rril8bFeUyTByRE7U/pKCmRKOJYmiSC7t8uJ1EW/kqp2e6JinVRELCf8MEEPhzLFW51FpOxVKBDHypaWpjAqO3x+Ey4qpa+nQAJ6nTSEe/PpVixwQhl7Sty8TjJWzS7SWhqSIU2n3F/tSfWexPeq5Cp8IQG9MKk8I/wFrt4roEdxPXKiOotK2U+gQK8G0f6ejiwmXOqmJ5Cq0KVEwUJk8kzMzw9QEEm0RHQnJdsOp02j/sZBkwg3Q5qrJ/G9MZRNQK+HjpLQES1xstgtsdJSlDXrKSflPZECcZlyQEBvw/2VaJzE9xNJVvNiAnpNEh3OQLQTYpm1X1go5MPtucq/eiW64/6KNfWkff+6N52AXhf9mKHLc6rWeDtKIYySIq4uEhbK7DTtkufa/j4Fl7D5UdK+FyJdlUwJ6FUIU+00fa5d4Y0Au6WE82qkOvV55uVxtzx7B7BZ0MZApdRdT0vURLk6KMcmC3y1d8u+PZq5JpzXQcB6shoXl/OOvk75nm+X7ULavloP+Y7mTUA/SpEqv1EGmVJIGvdedT5S0sNVIVZDTvsQ2tvdEfq1vx/ap0H19IRNQK+DdnD0djlKGFDH85SxnTrKSFmLUaC8zCYrOe0pwFrOxfdi96dchymQgH6YHtV/HWgNXUjvkya4L+Potshb/Y505SspEJfZRoZ7bTlzT0iPPvm+suhrd3sCeo1XjpFMS1OL2VwTI2xKWyixiEuiZA3CNeBy1IP09bRfSv97DXjEcysiAf0EUkcjjV08lcrhI5xlety3pZ5wW7rUQApErn5jaiAQKHJ7ezdx9VPQNwH9CNEiuDm9K0MNPJ0QhOHGZH948lAODDVXNG4eJ5FH7k8/G0sB5+oH5lX34Z1R2+iCA84Y9CH/vhpb89UqLbmS0vt0TyYKJKDjXc3DD/BuIuu3vm65bB7tChOj/bK7Jhih633j99XqCpf5aZzud24OhqGhzvD2/VL4NLcaNjd3wr6QTth351jy/JOCP1R8kdca6MYNpGTDwpI95qQOadUHhzvDxFh/GBvpCbgjjik5fIyUuLjvfkWa+eHxZLg5tRHef/wSZj6vhvX1LQVyEuDlXbsF1GvjUbKjO/yOyr348Pkr/QuAs1SGaH6g4F/GvXvFvUfkr0yBCHEokZfMfZ4oU5n8yStNocv7cHHaNNDXJWOarnBrbSB8nFkRh18Jq+vbYQdpTO+XdxXf8+V9mvNr2dUHOoxaL964twQ8PJbs7Dj3xpR1QCL5xEi/Ag72BIIQxuTGMJ7PAZ4VFDOk7wuhAGNtfDe8F4sld78z3JoeNLAD+OWVLfn02zUvsi3NrRngrzePv9JAt7m3OgbJgixIe44L4R4t1wwrXNKUookOD7oxhufyTkRn4mMjRLyQ7LJKlLjYAyQrWuAvFtDzm0H63q1hifT9YW5+zUC/8GUjbG3uSqz3HYfNiPVKSHP6y59rk64s0AnvQyfYk5E0YX5atdtseLAjjIlzT4z2Hooo6hzCO4x3omvz/r/5B43vK77DttZWBdIYCFNaJVlY3NAcfiV8XlwLq2sS67U016RVk1Ym87KNIESzg/6bJ0PNB7hyQMdyCvF8e8fjbHdqpB+W/7EJeWzF4WC7HBnEFNdo09w7UuTb/S4D3qdYvNMRmc7yWd/YCXOKCT+3sBqWljfD5vaO5AFfWdHiiqWrDvhyr/9m37G/qeamfbOF3ra5mTaeSDwfF+ceH0E8xyVRJurxnBr++R3PfbOPnhp+jAKldyq82yqJ3jPegFiauymjmyWJ87MLcPmNsLq6KQMcdw3WLCVOjIbrOnv6FeJ9/D5W1Td14hsGuq9+Q20c/W/Lcg3PL6ODvWFivEdLY33mwDG+jSjaGd4z0Mdr6fsKUkDjOluKSXHVBGOnyOU3NrfD4pJAL06/sLwRNja2w+6BVmBam0OrxYKSW+8SWb59sH+TQDcNukZs4mmz/s3a99hEb5jS0hhr38fF86jAKb25dHCNKBC5fH6q1tXZHrom28OUYuZ9Wd3SfF6ivT7Ly1thi7m8xggcVLr+Tv2MGcE3nL4poMd1UdZKg9a/u+RPbHxEAFcIn0GJ59H9Mu/D11tRsPmo/g2/o9T0BlHA+wICvVIm4nEO5xZ8WKJjaW5uYS181mdFCrzt7T3ZWWg+L8RHBlPm9A1q2DkUc6mBns2+jQy2/q0QPcC2r7ddhi39ZtzSH7eMZsRygKf59zn0nW+0ikygzxhAnsu3traURPtNxbhflEg/J8u7xaX1sCbRnv3wzOWR7MsTR2bylx/6lxborhiRgu1ASyC4EZIYxfLYtLaJjktEP2zc4nIVo3Pi4N8o/i6o2fn+YkxenARmgukzU0E+aO3nJdbPA/ovm1qb39HCHJye/uYNj9LmBT1GzWovHdAjwdgaKh1baNMoy8aSG1obZf7Nb08SwbJ5kxM7o3jNR04ZEgUqUyCC1vsVKzPkc6397a7BcEtae+bz8xLr+SyvKI47y7ji8AfKy6Bh4r3uumxz+ksBdBPRs/Vvn3+7gm1U+7/ZhzyMK6H4FkTEvLjFq9AZ/0p/EwUaQIEIcIryvuacGyDH+fxdLdctaj4/Kyu8hUW3s9/d1VIdor3yXbb1+QsFOvMciIp56p72fZO6tOaJgm1alk0YuuQTIy358+KWX7ehN581HScKNIQC+b4W2Qm9DY38qMyn+WxvD5lob6BfXg+bWzu2nwIFXlNU4uke5/IXM5+/EKBH8cbsz1GwiaXji21ctufTE31y2u9eVnlTEdwcA/KUEgUuigJHux/A5xwOQ6cnBuyDpn5WZrfzWp9HzMcjDiyM+XwLprdibhcRCvpcgV4G+IGF2UHM6e/vsOWxaWnRCUUcU1l7Hs+k70SBy0WBCPzynJ7ddO36jIQ7NwbDwtKmRPsVifbrYVVae3ODJay3CvTnDfgzBDozbxdToufOXanP98XBW2R9hIUSe79ZJiP0TkxlgEcyxivpO1HgclLAJU3vr1F/hPuxcSmP+bA0Nze/avN5FHhbO7K1bxYOxOji3oyzfrIyws6gJltrFBXQoGPBxv7vwbEu4+AT2kV22IKt2vz7DBqWikwUOCMKxDm9zefF6vndI8OuHttCOyAuvx4+SYHHjrp1OcpgmQ7TXAP8Ga7HNxzobkiAnfCeNv8fmAKiU3HKRmV/DgdnBxmGCaQ4+kEMHxXPiPqp2ESBc6aA8fesU8d+Tr9HD8Xnizj7jPze4QrrizbX7OKEVDHmUOCdxRy+oUC3UUnS+t7eri149XS7Bh3x/NAOMo10CPX5JbNzfg+pukSBc6OAc3nsPlxvz28UznzYUcfGmo+zX2SMs27zeIJKItY3ci3+lEDPzb+xFlCKe8BRLBLAfhILNonnOPOLKf+gztPjlfSdKHDVKVCWWvPKO5aT2UI7rU1Z2Ni//7QcPku8Z/ssuiwcqDTCxPaUQJdhQAZwd9GEgq1Flmudtv49NtRrzvbjq8sGsgrr3zFH+k4UuD4UcIm+rLyDw7fJIQpLdPhQmJeW/t3HZS3RCfAWV8Dn8Ci3T7sKf0qg+xZR/J+jYBsZ7Q7T8tU1OthTmn9jreYAL49k1+dVpidNFChGAUCeV9yhrZ/UHH5MRmNzmsO/fr+o/fLrCiQCh9einMaH04j0hYEelwGIkEGwwY72tjA22Rtuaj8vJqo+D/GHy4voxR435UoUuL4UKCvuyswR/RXT31EBfmbuS3j1blG29RvG0c0bjshVD3evCXQAzu6SXe3Rc4C3avdYb7itvbuDmovnEwAH8HnQ56+n40SBRIGTKFCWfiOWMK6JG7reflwK794vm//6A7F2t7RDsQ3ky3qzSjVUBXpcJsOLKmvgOFlk99hRgLvYkdbAKxE3nUsUOC0FIrO06a9YPjYnD26PSqzvDS/fLoUPClqxoxh05gXHFHYn11QR6HKgI/9ZGieYg8tN8hgcXJrB8iaTKGIAcLXCZI+TK0pXEwUSBeqnAPAS2qTvcm7f090ZfvxuUiJ9T3j5+rP5vdsXM2duf9Lc/RDQ4zwcT6qEKWJ57O7NIXHyvlILGWFcPC+dSgeJAokCZ0gBQbzETB1/wRR2wwNd4dWbxfD6w1Jp/b2asq4EdEC+p3m4dozKVVNnuIPJntT9mOeRYgWMMCklCiQKXAwFIv7AI+L84wdjijDbHZ6/nJd57Vo4EIMm0ORR67pWRoCgiKJ4ymiTmH57eiDcuz1svrB5lKgUiBVczOOlWhMFEgXyFDCRXmjne2y4R8y5I/z1ci681fo7e0tQ4uVF+dY9/cJkdVBOHh7cGTEfWRRYXiLLF5+OEwUSBS4LBZhCg1Oth5mPux++mwp9fd3hTwF+U37r29rg7N5aie5NxsUf3RsrOVyMXPyyPFBqR6JAokBlCgB2zMkjZpHIe2RW+9tfswo/tS4DNkWT1fWml28/H9y9OWylIPfn5v12Lv1JFEgU+DYoAH6bmhzE69oD/8ufM2FW1nVskmnSSGDMPY4I38YjpVYmCiQKVKNAxPKOVs9+/XMuvP+w7ECPF6rdmM4nCiQKfFsUiJjm+9c/ZkKTbNcP0NyllCiQKHC1KJAHe0l0v1qPmJ4mUSBRAApEsKOQSylRIFHgilLAl+B8y8sVfcT0WIkCiQJQgKl54uipLyQKXAMKJKBfg5ecHjFRIAE99YFEgWtAgQT0a/CS0yMmCiSgpz6QKHANKJCAfg1ecnrERIEE9NQHEgWuAQUS0K/BS06PmCjwfwH7tqNDYxMZLQAAAABJRU5ErkJggg==', ''),
(3, 'Ashley', 'ashleymsanders@hotmail.com', '$2a$10$acab4257f83063527a303uK.ab3uM8Ega5HPd/0IIgCm3LsfOepc2', '', 'Jbay'),
(5, 'mlntuli', 'mlntuli@gmail.com', '$2a$10$57b0069d3e89edc57e58fu9mLviRWVT3xYmp0enz0to9WKqVPIO9q', '', 'Shelly Beach');
INSERT INTO `users` (`id`, `username`, `email`, `password_hash`, `profilepic`, `site_form`) VALUES
(6, 'bob', 'bob@gmail.com', '$2a$10$e85953420160b8ccc9073O.Fm5zZFb7hu5ibHU//7Rn5c6atO.ReS', 'iVBORw0KGgoAAAANSUhEUgAAAPoAAAD6CAYAAACI7Fo9AAAEJGlDQ1BJQ0MgUHJvZmlsZQAAOBGFVd9v21QUPolvUqQWPyBYR4eKxa9VU1u5GxqtxgZJk6XtShal6dgqJOQ6N4mpGwfb6baqT3uBNwb8AUDZAw9IPCENBmJ72fbAtElThyqqSUh76MQPISbtBVXhu3ZiJ1PEXPX6yznfOec7517bRD1fabWaGVWIlquunc8klZOnFpSeTYrSs9RLA9Sr6U4tkcvNEi7BFffO6+EdigjL7ZHu/k72I796i9zRiSJPwG4VHX0Z+AxRzNRrtksUvwf7+Gm3BtzzHPDTNgQCqwKXfZwSeNHHJz1OIT8JjtAq6xWtCLwGPLzYZi+3YV8DGMiT4VVuG7oiZpGzrZJhcs/hL49xtzH/Dy6bdfTsXYNY+5yluWO4D4neK/ZUvok/17X0HPBLsF+vuUlhfwX4j/rSfAJ4H1H0qZJ9dN7nR19frRTeBt4Fe9FwpwtN+2p1MXscGLHR9SXrmMgjONd1ZxKzpBeA71b4tNhj6JGoyFNp4GHgwUp9qplfmnFW5oTdy7NamcwCI49kv6fN5IAHgD+0rbyoBc3SOjczohbyS1drbq6pQdqumllRC/0ymTtej8gpbbuVwpQfyw66dqEZyxZKxtHpJn+tZnpnEdrYBbueF9qQn93S7HQGGHnYP7w6L+YGHNtd1FJitqPAR+hERCNOFi1i1alKO6RQnjKUxL1GNjwlMsiEhcPLYTEiT9ISbN15OY/jx4SMshe9LaJRpTvHr3C/ybFYP1PZAfwfYrPsMBtnE6SwN9ib7AhLwTrBDgUKcm06FSrTfSj187xPdVQWOk5Q8vxAfSiIUc7Z7xr6zY/+hpqwSyv0I0/QMTRb7RMgBxNodTfSPqdraz/sDjzKBrv4zu2+a2t0/HHzjd2Lbcc2sG7GtsL42K+xLfxtUgI7YHqKlqHK8HbCCXgjHT1cAdMlDetv4FnQ2lLasaOl6vmB0CMmwT/IPszSueHQqv6i/qluqF+oF9TfO2qEGTumJH0qfSv9KH0nfS/9TIp0Wboi/SRdlb6RLgU5u++9nyXYe69fYRPdil1o1WufNSdTTsp75BfllPy8/LI8G7AUuV8ek6fkvfDsCfbNDP0dvRh0CrNqTbV7LfEEGDQPJQadBtfGVMWEq3QWWdufk6ZSNsjG2PQjp3ZcnOWWing6noonSInvi0/Ex+IzAreevPhe+CawpgP1/pMTMDo64G0sTCXIM+KdOnFWRfQKdJvQzV1+Bt8OokmrdtY2yhVX2a+qrykJfMq4Ml3VR4cVzTQVz+UoNne4vcKLoyS+gyKO6EHe+75Fdt0Mbe5bRIf/wjvrVmhbqBN97RD1vxrahvBOfOYzoosH9bq94uejSOQGkVM6sN/7HelL4t10t9F4gPdVzydEOx83Gv+uNxo7XyL/FtFl8z9ZAHF4bBsrEwAAAAlwSFlzAAALEwAACxMBAJqcGAAAAmxpVFh0WE1MOmNvbS5hZG9iZS54bXAAAAAAADx4OnhtcG1ldGEgeG1sbnM6eD0iYWRvYmU6bnM6bWV0YS8iIHg6eG1wdGs9IlhNUCBDb3JlIDUuMS4yIj4KICAgPHJkZjpSREYgeG1sbnM6cmRmPSJodHRwOi8vd3d3LnczLm9yZy8xOTk5LzAyLzIyLXJkZi1zeW50YXgtbnMjIj4KICAgICAgPHJkZjpEZXNjcmlwdGlvbiByZGY6YWJvdXQ9IiIKICAgICAgICAgICAgeG1sbnM6eG1wPSJodHRwOi8vbnMuYWRvYmUuY29tL3hhcC8xLjAvIj4KICAgICAgICAgPHhtcDpDcmVhdG9yVG9vbD5BY29ybiB2ZXJzaW9uIDMuNTwveG1wOkNyZWF0b3JUb29sPgogICAgICA8L3JkZjpEZXNjcmlwdGlvbj4KICAgICAgPHJkZjpEZXNjcmlwdGlvbiByZGY6YWJvdXQ9IiIKICAgICAgICAgICAgeG1sbnM6dGlmZj0iaHR0cDovL25zLmFkb2JlLmNvbS90aWZmLzEuMC8iPgogICAgICAgICA8dGlmZjpDb21wcmVzc2lvbj41PC90aWZmOkNvbXByZXNzaW9uPgogICAgICAgICA8dGlmZjpZUmVzb2x1dGlvbj43MjwvdGlmZjpZUmVzb2x1dGlvbj4KICAgICAgICAgPHRpZmY6WFJlc29sdXRpb24+NzI8L3RpZmY6WFJlc29sdXRpb24+CiAgICAgIDwvcmRmOkRlc2NyaXB0aW9uPgogICA8L3JkZjpSREY+CjwveDp4bXBtZXRhPgrs5oxmAABAAElEQVR4Ae29Z3ccubKmC3rvPeVtS+32OTNr7lr3l8/X+/GumTXn7H32bqNutbyjEY3o/bxPRKIqSVaxsqiiEQlIxcrKRALISLyIQCAQ0fQ//7/fDkJKiQKJAleaAs1X+unSwyUKJAoYBRLQU0dIFLgGFEhAvwYvOT1iokACeuoDiQLXgAIJ6NfgJadHTBRIQE99IFHgGlAgAf0avOT0iIkCCeipDyQKXAMKtF6DZ0yPeMYUMG7RVLmS/WSOVZkw53w2Af2cCf6tVddcAMB7PNQ+fxzV9pc/ure5qUoBZE/p3CiQgH5upL7cFTU35WdxQq2ACnb3xJIjcO07Y9GO46aQvy1iurW5JdixMu0d2AhwuR/+GrQuAf0avOTDj9gsLpudOdBB00HYFxj3wLa+D0pAPhCImyxvq1Db3NISWlqbQ3tbS2jV+ZY2Hbe2hjZ9t9m5Zl3XtVZdU/5WnVtb2w6//zUXdvf2HPiHG5J+nSMFEtDPkdgXVVWeW4Pj3X0Bek8H/l8gFpCb90ObwNze3hI621v13Ro6OttCV0ebfut8R0toi8AG9LqnVjo4ODCQ18qXrp89BRLQz57G516Dc2xE8X1xawFbHHU/49TNuoho3drVHLoBcle7ffd0C9D63dneZiBvLQDk+GDCc5YkHUgyYBDY3d0Lz18uhH0NKC3i8ildLAUS0C+W/l9Zu4OZQiLXRgzfFbj293eNY8Ot4c5w5h6BurdXn66O0N3VasBubzu5CxiGS0jOAHv4y8RyuHeTRHYx+7C9sxd+fz4bPi+tJpB/5Rtu1O0nv+VG1ZLKaTAFNM+mRAB30Gxz7B1xUMCGlrtdXLlLHLqvpz0M9HQJ3B2hp8dFcL/peHMcy5E1S8mWB3P8cfy20hlATppfWA/PX82Fz4trNqcvZUgHF0qBBPQLJX/9lbtYLqFcMvL+Loo0ROPm0CtQ9wvQg/1dob+vS8But7l2pRryoI4AdZxm6K50U4Fzr98thD9ffg6bWztSxuW1+AVuTlnOlAIJ6GdK3sYVDsCZZu9ILD/Y2zVw9wnYQwNdYXiwOwwI4N1dbSY+52u1xTHdxyJXs0QAAN0IUMc6GDQo79P8Snj213zYkdjeIYli78BW12O29H3BFEhAv+AXULl654YObnFuIZx5N/Pt3s72MDTUHUaHesS9Ow3cR8XxMscG2CBbCrLKFX3V2Tgv5/vdhyXNzXcF8tYE8q+i6tncnIB+NnT9ilIBuZCpta9dLW6zDAZ4Bke6wvhoXxgZlFje3X6sfAe3c9dGcuxjFVU4sb6xEzb0YSCKs/wK2dKpC6RAAvoFEj9ftXNvQI7xijTYOuoR9x4b6Q2TE31hSKJ5nE/7fRLKM1Rx3sGdL/E8jmmlDy60ZX9P7RDYU7p8FEhAvwTvBJDv7Ut7Lg7e1HIQBqRMuzHeFybG+jPRvNxIB7cvZV0MuMttsfU7DUndWrYbG+sJK2tb0iHshlatsbHMl9LloUAC+gW+C9a+TcEmBRaWaYODneHmVH+YEsAPrW+LW8K8AbaD+3JwzbyE8eTBuCznWsKLV66Q4xjpZN8XAu34Akl97atOQL+ALgAHZ/2bOTgJjfmtG/1hWgBvyxmwwL0N2ADccl7ePxLaw8M7ozbd+P3FfFhb3zK79+Ymt867vC2/Hi1LQD/n9+xiuta/ZZbapeWwm1MD4faNQTM9pSmXSzQvThwflA7C1ER/6JH13e/P58Lc/GrY1wO3trhRT/HSUs5GUyABvdEUrVJeNB/Z2XHb7+mp3nD/1qjm4512B0tU8O3LJJpXeZSKp2l3HKT6ezrDf/thOjx/vRDevF+0tXUX5V2Yr1hAOnmmFEhAP1PyeuE+F5cN+s6+rNc6w707I+GW5uJRIHdueNmF89qEinN2nqdVc/QnD8bCoAayP1/OheWVTRn5tIaW5sTda1Oy8TkS0BtP00MlYpW+x7ZQ9f5pLZM9uj8mG/QyF7+4pbFDzWzoD+fuvjIwqdWD/r6O8Oerz+HDzLK4+4HtX09a+YaSvGZhCeg1SXT6DHByFG7N4mIPbg+FB/dGzSmDi+ko2r59Ll6NOhHsXGf57W9PJ81c96/Xn+WQQoo62cKjr2DVIaWzp0AC+pnQ2Dsxdt/s7378cFSi+qDVBMivMsDz5IzPGZ/59vSgifLPtQT3cXZFijqJ+LbmHu9Ka++REo3+TkBvNEW1bMZW0R3ZfbOD7IfHk2FsuMdqiR2+0VVezvLK0gqAZ95O6tec/W/fT9mS4gsp67CPN0Wdru/bLW4d6LnT30ZRIAG9UZS0cjKQ7+5aR/7xuwnbNoq5Cx09criGVvmNFGaivNrKYNciLv5ACkkUk89eSFH3BUUdu+t8bSLx9ca/1AT0BtKUOSecfEBbR//t++nQq80ndGzSdQZ5JLExbOPuPn0ZG+kRjdrkQHI2fJhbCQcyrkErn3bGRIo17tuH0MaVd01Lghc123oxVm4onhzkDvAE8sPdwkR5nWIMxGfdzz9MhUd3xsz6D/920S0WPD6lxlAgUfIr6QjA2bC1u7tv4EZcZ/nM5+NfWfgVvh3ubuK8wN7S1BIe3x8N30ufgQvpXWz/E8gb+vYT0BtAzh1xoY7OlvDDd5M2J08gL05UB7tPb9DK/yxpqFOmwfjAc2cZqYsWp2b1nImK1WlT8woiJi6TcKHM7q1R0657pxW/qnl/yuAUMFE+02XgXONvMp/FB96OpCT0Hil9PQUS0L+Chlh30T+xWb8xOWAlHSj6SZqT109UB7vfNzLQHX58OiXO3mp6D5+zq6tq6TKl01EgUe50dDNOw1xyfLTXloooJonspyRmdlucs+PQErB//3DCfNKbgs7ypIW301I4Af0UlPNltP3Qp3Xgx7JdJzKJgzzJmacg56FbALsvrx0E7OQf35M2XicJ1ljWxh+6Jf0oQIEE9AJEymeBYPiLwBHivdsy+ihp2BPI83T6muO8GH/n5mC4IyXdvrxHJ35+eqomoNdNOynghPSxkb5wQ04jPCWQ103GGjc42F2xef/uqHzXd1k8t6Scq0G4KpcT0KsQptJpREcikRKg4M70UGknmomblW5I576KAhHsRHe9d2s4dCgUs/m3T+Nq3XRNQK+DZKZl177KseFecXTfqGJWH3WUkbLWSwFHNfP18bFei9+etrbWS8NkY1iYYoiMRExpE1e5Mdlr95kCrnAJKeNpKOCaeBfhb2muTmhnQjMnxVx91EwcvQ56HQjoBDIc0tKPpyRD1kG+U2dFhCcNi+4jgz3G1V0zn7pvUaImShWklImLYusENMQfGjwmzc0LEq8B2ZCeSJNjfSZV4Z4rdd7ihE20KkArxHY6Wpv2URPY0JJ1PO98BYpIWRpEgeEhjz3HNCql4hRIQC9Eq2YzdUX729vTkbsjie45YpzpYRTfiWATXWQTByalYhRIQK9JJ5FIzINQYuyq6pIyiBQ7Xs3bU4aGUSCT3uXYozuzRkxKuaLETUCvQSkIhJQI7+4WyBPAaxDsHC73a2cbnD0C/xyq/OarSEAv+gpFqR55QyGl2WFRojU4XzZTYsDt6BDQ0zy9MIET0AuQSpHSbLcanctSYiUFqNb4LFEjgi1DfBcpEEQxOieg16STJudi4fgfb1cH8xS7XM2bU4YzokB3B7qSJFsVJW8Cek1KSeOuf82KCFoGes2bUoazokCGbZSiTdkOl9SJaxM70ag2jSxHizoVhjIpXSwFGHRJrUhXEqxsFpUErJovJQG9JonI0CSO3qKIIlmPSh2rENXOJpMTv0Ox21qbGXiT+F6EzgnoBaiEdpfuFUXFhPMCRDvjLER7MYvFM67nqhSfgF7jTUbbK03RlRK5apDr3C4L5z7wJoZeiOap59YgU7OW1uQRTrHBWhQuKPHyGuQ6+8vZK2hToAfcbKdUjAIJ6MXoZKJ7wawp21lSIOPgCeL1ETkBvSC9koRYkFBnnS1DeHof9RE6Ab0QvSL/SN2rELnOMlN6BaeibgJ6TbJlJIpYr5k/ZThTChx6D4d+nGm133rhCegF3iBM5GBXFu9RBV/gnpTlrCmQQF4PhbNdGvXccr3yKpSapV35cmdzi4L8NpQA5f0xUSZVhf6/ofWcd2H+XPGZqL1Bz0WRKgoLuXzp5/1831p9Ceg13pj6VAOT99Lo/4y97WW/c8drimD5FvbAx2cChTyTP9fxZ4KYcXDzPBly66TyrsIqHyQRqzDVEtBrkSpjG/71dTOdSsAFIDsK1khgAlKrzGxtzV4oyIMlAulygV5cNaPP0XbtKWb8jp5pn/hVAj/P1SZbhPzgxjPZUFB5PDB6VPuzr3vx+pNSMQokoNeiE9xJ+N4X99hX5xUKTWSst29ap3bkKu73Xvi8tB4W9Vlb3zGgc04W9fJwKhvu1ma5rGq1II74R8PFdB5IgCsrqlbrz+y6tyEORopHJ1Avr26EL182w+radtjY2lEIpQN9QOO+gby9vcV87uEuG2+6BKck1fc8jCwyYVKxJrzX+yKsxuv3JwG90Dv3aKnM083HjPe1QneSKYICsL/9tBzef1wOK6tbAjggyFhibviIHR8gdMghZZ/APjbUHSYUraRT4aAiyGO+wg1pQMZYZ2zD2vp2+DS/Ej4vruuZNsO2pJN9gT7m8yozgvHVshraW5bC4EBnuHVjMEyO9tnzHM5fu6FIDIA94bw2rciRgF6LTobDCMasWxXuXbpP/+HG65s74dnzOYHii4mzTc3NCAfamEFhcUogqYFbss+euOHqzlZYWdsKs7Or4c37JQslfHNqyDg+t5pIr2/x1lpPcrrragtF0yYeJkoWK+Labz8uhJm51bC2tqN2YyrszhqJNMsP2udWqlGB6c+3s7cbZhgcljbCrak1hZ4eFcfHBxzlU4/94aBqQoJIXmCrkufYhQT0YyQ5ciLreOh9UACFIM8mWec/kvPYT+dSTQLqZviv3z6FxeV1iatyYNHaFg6a1FEFDnd7Bmdn22Vr6JK7KsT3FrbEqh4it25t7Yat7T3dvxk+L28IYMvh3s0h44h4vvFUsFHHWlnjhDUjArwpbG7vhFdvl8Lb94thbXNLgSZbTero7GiWe6d2986qhu9KWkH3sKXPnj0kz+jJ2qyxbfdgL7x8sxA2NAj+/GQytEtaKYM95j767YMAwS55J3HgOZor/T5MgQT0w/So+gvlD5+iKYJ8c3M3/Ov3mbCg+XiHPJfSTSV0CsTljh/LpJObYk7BwDsPWkN3d7vm5+2ht7vTOB3z3mXNgT8vroXfX8yJK66Gh3eHw+hwn4qg5MaD3YEH2g/Ch5kv4a/Xn8Paxrbm2p3hxvRAGOztNIDuq80r61vhy+q29A7b9hwWZKECyRjgmtFHNCnijcbNT5JWWppnws9Pb5TcODtnj5TJf/szEi/dnrd6xvxN1/44Ab1GF3COq0ziwEWTdUXHRnj2ct7mr8y1jUMDcDBZIe2p9/I52AnictthcWU9zM61hC55nx0Z6glT470SdQcNdEsrG+HT3JrE+eWwvrUXphWq6Cw84MAxt8XF33/6IoliI0xNDoSJ0Z7QJ6AzCHxepB1fNJCthU1x5l0jWDaR0HPao6LNzCcRaL9JYD/Qecn2rW1NGkRWQk/3vMT4sUx8z99QPo643snm6JoBGV3LOdJRJQokoFeiSu4c21QxmkHBtGMa5NzFiofZkpG6+LtPSwLIors9Ut598fLqvbg8ANCZ45wbEXX5y0ZYktiPuExIotuKKjouJdZgf7dNJ5bE5VGCOdCd41VsWt0nvSzE7/6+rnD39nCpXR9mltWe5bCguvd2d+WBBw281g0qbh09Ir0Y+h3sDH5ERt1v3g+v9Xwjw1kgRQ0iDuosc2x79ni+bOcnj5Qec6bvHAUS0HPEqHhIP1PnghET2K9WOtCoQAfd3tkJr98t2X2mnNKNhxVvsaQ4T4+/D39TFuvPJOpHzJ1bWAsTI70GPCKMjg4Tqx1Nd5xLW/YG/PHVBrh3yMLBz0qJ9uLtgk1FNMU2XUKrpiSeTqaPjwFHuLuGP1KrdBfb0kO8fKPBTM/EoKHHycDupdtfR78tUZZ0mLnL6bAyBeIbqnw1nS1TQIA72kXLF8tHTSbiN4WPM2umhEObTI/d00gBEA/2d0uZzTUV5arz5kFw1Fe5a5eloENTL8wDeObLC9Ja37kxFO7dHhQ351UeXdYqVXWqAx84/FYUZi80P0eEj9JDM2uNcFglb6Mfx78xhjnPA2gR60UJZc5uEkGRXJokxtuzaUBb1DOhyZ/UUuJJyexwKKeiBHHSndfzWgJ6wfeOwUy0Xqt2C92YjsvSz4fZZVdINdOpsXaT8gnxVkAVti3RT5kS7Gq+aWVrkGDOifhr4qzhocwlDUya18LU2jXn35bI/MfL2bCkufx3D8dDP5xXqRGcPV/GvCSIZ1L+YeDDc2D4gqjieD08/KFk4wEBN8/lQhDusjUX1yiFbUDGlG2MQCrYlV4CJSQndjQifJTUANBjPnuoI392dxgwIyWPXEw/j1EgAf0YSY6foDvRqX2Z6Pj10hmAqcyItyyl9Sjy6pDCLKOh7lGARoxdUDzxj8Scf0tg3djYCRvSVGNRtipLuS0pv6SWM1A0C/nO4SPg/ZtzAIe5LRxwXWV8/2g8jI0AEBe5+T5NyoP87cclW//flMa/vd1B7e2JJcd2wVybTdrY39GAp7GgQ8/bq5UDPj36dCroQntHi5YRYzm+DLeh512Txp7nh6PPz6+FxS/rol13lUGLFZBYf/ouQoEE9CJUUp4ikHFcwaH3w8M7Y2FyrFdmrIfNV0+qbnt7N3wR4BcW1m0e/kUmpdviXJjEIqEe7dwRcHB3QPKPXz+Fpw/3wg1p5k8L9jzIn2vF4Pmb+cBsgzpifUefIQLc2qr5+uhwZxgd6QlDMnPt626TXUCxboa127IsBmcF9B3RglRpsGIagDFRSsUpUOwNFC/v2uc8EKedmtBSV8mQxUkCgCypf5a6qBib8TaBGC4PmEb5CCC3tEY9J8C/F0eFu7H23iaF1VGwUybiMdFFt2TQ888/ZqUPCKaZrwQSb0Tlv3mQs07PnJzBi1hne7H9uVvj4LOjwQjRfEJLfDcnBwX0brsnl9U4M7/t2TMC2LPbHNuViLhwRhHHx42ToNnxIZbb46AT20DZKVWnQAJ6ddr4FfW1DKL6XT6qfBvzT4mmEltJDm7O5TiTrmWXPVPubxwMACghh24L7JNas2Yp67XMXzE7ZReYz9/V3SMOVP6eJrvtAsqO5rvP/poz67qpsX4aQeW5WqofxmyvpFV/+UYgFxJb9TyU7UOSQVODk+pGTJfkwnSGTSp3Zak3IQkmP8DlnycOOvbsxwjg7fOxxEF/kk2AxtIsRQLE3+m7GgUS0KtRpnSezo3TiVogL91Qwlbs3OUrJx/l80fuCpe/e2tEc++e8Pz1QngvbTtWaBalRPiI2m6MT1BqEWxidWs7zGgZzoAu9BbBuudxReL72ZWwKSOcDinddpukK2Cd25rOX+ihugTyZkVKuX+rP9zX+jr6B1IerPnnsYs1/vhAU31QirA25aVr+Xywq1Fuupw2tRToA+7XnU62i2ZYKXI++1HhT63rFW45diqCxAGvZWyZwf7t6VQY7OsOf2rujMIOkTpgXabGIcpiKtvZ1Wrz10lZ0cVUpD0xD1rxG9J4s1jQJqBjzoqVnrF3A/m+tP0HsozrCI8fjoUpGe7EFAcnZY6nGvudId3iou8z4KgequJ8SidSIHH0E8nDRToUSYDP0JD1Nz99xn+9TtbHXaS9c3NQWvz28Osfn2RXvuXGNOrsOHlg2eunx5OhrUPLeai9T5nu3tKGGYni6yr/P395r0FE+gFNhpmns798TAY6Tx9PHFvOi/Q5ZbWFb2NKwftIqTgFYi8ufsd1y2nMybdg4vnF0hlzkHzxPmVgnu8iOPWPaG/6f/vpptm/72h5jvEHZRgbXtDUA3IGhtMlH8ZaVCjOMVa1gYV1/QPN0/ek7LsxMRj+/ccbOZCLqdoAeLi+09dfoNUR46n3FiCWZ0mkqkkqetXhTlzzljoygMf8h7oEq3IJdh2O7qc874GtS//t+ynZhveapVqL5sssb7E5hJQfGPzOYn9jzWi9P2qujuILI5gdievsVvv56YRp+AHy4TbxHPFu6qc+z+Nt9ucs1oqUq9EUSEAvRFHrtYVyFs1knV+ZAUT+o1+cLRUDYP1TzofYypozmnnm7aMCO/oDoggva1cb+989lYFXKrDWQXYLBj+rmp9jpou4flMbaX56PCUjHmnhVTcp3+7YznLx/hyH8ySwl+lzvkdpjl6A3qeAy4mlAnIAEBOcGMs29ptvbUnZpQ0xrJezmQVHFJ0CdK8MT1grJ7GExzI9praA/eenk3Js8THMfV41Jw4LcutkG1FiBQW/eU4NK5Z7fnHTjFY4d0Nr4z9o7o+ijnk6YM8nLNvW5WUGBxk8w4408oj+7Wo7mnueoVtbbd05pN95lAb58tJx4ymQgF6LpvR0JVw/RdNNP3Oavy7Kwv0Qa+dlEPNhVvu8cRKpubBWx2w3WJO0TSZqZYMB+dulYe+TEg6nisMySMGuHeCRAPuP301KcfZBZa7I9n0z3BaSuM/Ba9mK/VGRGMAsy0hnW5z8xtRA+P7xmNbHvS4ADNhXVMf8ZzdVxWwXjzJ6OtWhfLrOKgCDFdtJsY/vzfbU35jsDwP9XTbQIeobKXISzMmN9PL5S/IW+XH6ezIFEtBPpo/3JvUsLLCOMLLsTu98tYrhOlZzcGPmv89fz9uWTFwz9fd2BfzADclhYk+nOJ9syvHOgvNIXEiRZ2Vl2xxKzi7Mh+aXTbYv/aZAMybvMgAeW/LvpQn/P//YNkcXG/Js0y37ejTmgLNIinnxTItjC9rzwyOfk3M/A8AnebV5//GLDSbQhHpRDrLchnONDtmyt4lQaMa3tBaPu6lFSQezkjaeaQMOu98e3RuRbcCQD0QlsJ/cwkPzf8vabPqD0qLIybdf+6sJ6DW7ALzVl9bYYFItAUY4fjWLLvVnAzkd9ndZrv356rNA3Rb+7ftpMxtlTZytoKuaX68tbxtIEIEJUsC1wf4OAzduoZfl6WVe4vmMpIExrWPfv4U7qR6ZjnbZLjacUFJOt1xGb20I8BL7ayXatanpA8BdlKMLDHIQ1xksSB9lqMM+dKQPPN5Maa0dN9RY6aGR31a72JwDjfB5h6FPt54Po50708NhQ7brr99+Dn+9Wgj/fPbJLOoe3BnJwA5tKreQXW1ICkxbItjN9t9mD0ZUhKOUalAgAb0GgQA5HQyuaQYqR/I7gOF24l4CO9zNU+x9viwWO/JzAfy5bMhHBrs0t56ynW0zcsX0UR9cQG9qnmu+0LldnT/2f5bP2P0F58T9833tisO1EzvXlvSNJ9W7N4fNxp1y4Mrb/bs2JejQHJn28xw+bSg/RFaN1bmhQaFdIF2XEu6erN0YPADZsxfz8hUnSUIPcVMbZnoFcPQKs+Luq9p1tikQH2BgrwQ9SDxvq8rqUpsH5J1merIvPLo/blOPf/z6Mfz256wNBrc0NSAv9UT9QKQpA8iypgg9DFS5sQoHm0gTRh0MhtKaOsQ4MSWgn0geLtKRZAaqngUnOZoicHq7O8KbxWXNl13xVO6sZXC9l0/3Zy9m1fE7zevptkTz//8/34Qv0nAjNtPhm9WJ4Yjekb025rrgZ0PzeCzV5uQckvn6kKzkbss3+ictg/32fFZgbpFPuQETizcFWlxAAUjmy1LfHW26/84aiqSwJSXgzk6ruakakARB+vOFuLAs8TrF2fFqg237O220cZ2CylV7oY25kDLwebHWZpW9KlfVDDwfJX2MaOB4fHc0/PTdVPi7lIe//TljXN8GR3tGp4GX0KTpwZamLrs24MRz/i06scRgKS6qxyvpuxIFjvfcSrmu8zkQtu824NW2RjpWNE+Wx1aUa8CSAYBNH4CXhPOGX7WzDNH2nuan+DT/P/98G5bkVBFujajLdk4dWgIo8cMJTnOdeTAvjYgob+WTDus4vMUiBbx+t2jctQfFlxR2KPcApI0SFFIhRZgwGDCI0F7s6hGV4absR2eJrVuceXFpU3NsgVyba1i3Z7953MRCObG9fJMYAGgzz8YDzGhA+t//9c608kw30NL/8uxjVq/zc6dZk+kD5j+zeuADjksjXi60bbd9/f47/a1NgQT0E2iEyyY+dDKcLsTlrZI8nd0bwcz2UjzGIJqTfBmqScteK+EXmawyB2fOyt7x357PWN4OAcjm/qaljltUsoKPfLkmm80ktEURW3Sd+fq67WqTyC1Qf9H8OibpvlXnrmnJORdBHa/7t5/dk0EMInhpZNJF1tLhqOge2CeO1R2cFDogccT2HC6v/MuBr/KRKFQGy4Q4sPiXwM21MUkIS1+2bGkQLT91+zq907BNElS/pB9SlJxi6c26hrhP62lLSidTIInuFenD+KelJa0fszea7jQozXinxHJSpX4V57/Mbf8hsfQ//vlOirJeW4b6qLksii7WlXGVjFfZj7Nt5gyRzSmUx/IdA0ap7HgAd0SFrW/r1voWdPmpvK43QCLYFeMGPHHQ0WVJFK4ph0uSKo/qfhaJAMcXkRvbDfojjCLQ2PJas9b1EfExl6FJgM+byQ/u8Ho48vbakQI1CJLyXiE5R6BUoAdx+LGRLg0gISxoMMHn/X/88lHmtf02GKD469JU4cnDIS9K9xvQ/aHtHIMPbWOAoj3QgGXJQ22wnOkPFEhAP9IP6IgsazFvZGkpemA9ku3Yz8hx1JXF8Vo0j122mGQskwGHZs2fDyRLI9rfvzMa/p9/u2luk+CaiNdb25IeBLa41dQriGgnACOd2X2usS7dpWUsXFUxbZjXnJ0lu6lxeXXRwBQTFmwlxV48eeQbaJBoJXnd4YNrvsbFcd/2ailN3La7qzMMIrEoDxZzDAoY7LhfOKCWTyCSwUADEW1WewF3r9rLygBx1zY398KM1uGpGS7OtIFdedzDO8BeIA4jpcErkkN3oZtgisLz43CDwQG/8oZ1Kk/pEAUS0A+Rgx+I6vsWISWCnM5U6myH8nuHztiZcSc6HIkOvSCA4J0VJR7LZNp/Yrbo+EXDGwu7wO5oroo22zmqgMl0QWBCiw9/5FqbnE0Y91RHZ/kOhd2uBgbMXWcWJC1oGynBCr9/NGnXzXpN920qz7b8t0WObg2r8oc97qzZ4+GVRBlYs/2gtfnf/poxzT50oM3oGBDFmdYwMHCe/HBXlIreZsJK4RAT5aL0D3oGHGACRlxUsR6PkQ0+9DDGadNUBMUhI9rwUKdZ2P3+17ykKrnjypxemphA41Qf58rng0lM76T4a1d9R6USbrnuKQH9aA9QJ2pSx+vQfPJ40kXjrfkrvmxFNFHCBjMPXZW2mC2j32k5Ce04iiuWirAgm9Vy2LxEVdak33xYksMGNxNFq90l5Rb3AepmAcOs0BBNVe2+AMUcektz3HWVs65vBgS4+ncPJ8JdcTgGAaYQmgRYAxkA4LhVZPb8Q9gxXJoPKXJ6Akb8959vWIw0XEy/0Fo4g1e3JAqUgObwUc8Q87NiQBtwb721oYFD5WFjYKsAduySAHQCxExvWILjmYm+gsUdSkCeoa29yazvkBwGZU1Xor251NZ0gHel+3Y1gjJIcZxSZQokoB+hC1wUkbGkeON3qf+UDuwuD9bgziCtE2ryjcINrTVulVwZV65gdDho+WvIIoniDpptpYiw3LMnpRqShLNx6nToxHMWfVWnTKklTosia2ykO4zLMg4TWBLDECm2F6s0YrrjIcbT4fZnJ+2L+pg2IEL7CcrzaQfeY55qMMG11Sc5bkQbTojkFQ1acHX9N4kFtMd2o6iLtVE/ICRwJGviQ4M9MhIaUChoRYWImbLGIJkwODCoMEXAmQYPxjSkTM/DN1G/xXmzMnhW3mJKeQokoOepoWPnEixlRXAcyXDsJ3PKEFbV8bHrfnhv1Lh0zEZ51pntAE18U5iW0onPF7iXNOa4Omapif3eiJ1wam5DwdQqgABcIo1i4YbbaNxHR4u1Uj2xmuwEov/6urhzTZW0g4Y6aOKqtOscAEw4M223L33j5ebBbX3k2op96oRzxrgGizgTu1U3QRpYeaBURHeqR9KAg/dJAiBoZE9JFKdsnlSZuIHq9O3us4Zt0HkjXUfbRpPm9XB0y2JZ7Uf2hwGgTVMALyt/JR1HCiSgR0oc+sY+3IEeO/mhy9kPB8eBrNPWQosGBmKTkWLn5TofS3aAuEnH5nyTLR3F5SM7mf1xhZgDJH/+6HG+rFhNzANnRsRXJObCiTatAFwNOlFK4Ob4DPnniv7ajxbO48F9uafMgY/mijQql205soeIz4U57mNFiyVM9KyWKMfxWX+8KBsQWbNPqToFirKt6iVcySt0mkz8q9F/4MSIoxblVHfRSQFMBMdh8kSlmrgP/5Q3w/2hbHBAPkcTeUv3GPfz8vL5qJuENp81a7NFj8+Sz3jkmLKZFrACsCzpxNPhhy89l7Uj1xaTP7I7dAttrwRyb7tuVvKyKP9wHflr5Kccwk61q0w21VRKlGCrGpUupnNGgQT0Kh3Bu2OVi7nTGLyw7ZLEPRFoduKEP4Jo1QHBAX38ZjBcAttxfJQGDTjqZwHdtO/idJRXJJn2XyL/gqz4eBrqq3ivtSPXliNgrd7+4wPTSe3iWSmL70EtG3p8uWp38JAFH7RaEVf4fAJ6hZcLJ9mVtptUAU+H7gAMMeUO46lTfVNmvtx6C2E/Ooo+xFnjoicW4M9pxjjKh9UdO+PYFHPa9LXtz9ebp0P+OJ8nHdemQAL6ERrRmej61cTEI9kvzU/nfN4cNrlsyvSVDSdIDlHfcBLHQ/RFLYECEG03O9NI3wq4tHpJa/VJGncocTQloB+lCGtE6iusy8b0bQiE3ko4+YxAyuYu/J9jtor2u1aySK+Gaso5sEARZvvOL0aRS5yYqrAG74NS7We9xI9yZk1LVDlCWpS39GsMUkrpcvdzA6LrBg5stxnLXa0tctSgf6j9CiUM8JW4B7PVZW2OYTsqyefKBcuxO873D6b8tuvNqk0cvRL1E9ArUAXOgOjLBo5vKc3OywedDE0Qv8G3Vvit+RbZpOaDAGQEfd0jAiDGv32/rLX+zICm5v0XlwG7A0x3sZNPqTIFEtCP0gWAqMOw5ZP4Y5c9IVbDcbEmeyEvMHxzDo07/1DIVXKYcfS5bElMvQHjvD02sithyINnmVgHks5lTAzI25jA6l9KlSmQgH6MLtrvrf7CPuy1DVmJKfnc71jGCz8RAUhD/lL00zkti2FVxvbaQe3jJhCiu12q/pqjoIuHGJbX9mVPOq6NK9PjA5IMmjVXXzKHFtQBHajzsqT4XrAXYMMMv9OGlspvp3oPqJz/GpzFbFM7oCQO4sUlpsvTvcst8nm5RGzNpdkkw0aYR3LV9LcnU2YueyCg4wFGK2Y1k20PVV64+YDWrHFaiaEKduR/vvxsHnLKhVwuamDNh/kx7y2lyhRIlDlCl8jhkAJZj4ZTWLoEfTvPTOMxvuF/l6NFVgoe3x0zp440FTNa4izipSVyPvHkI0+r5bTsDNN67MXJgvjPN1tUCYlMNFU85LirqbIBDm2I7ThW8BmfyNeLxx420VR4vDNuxbdTfHzP306Lz7ylDnUMR+DouE2+6BTF5QjYKLKjR/jl2QebZjx5NC5/6aPWVAIv7mofOiGV2fZaRkCl0UqIVmKO3qHtpwe6B6eVsc6nCo388O6ItPBb5gKKba9RC0978m2ygs75D5tpcEBp0k2lxzvn9lzW6hLQK7wZPLchBW7tKpCBto+S6NB5LlLhNjuFAqxRCbBFUKt2czSBIU8U2X//azZ8ETd7Ik84D26PqFqvm91j22o7HA4HjjFFUMbffMdzlBn34KPBZq5Owtb8e/l3B+y4ln4uv+wk8sPpv8j5Rfwd2xvbYRdO/YdnqU7L2G6Me9hBhy87b/GpK7zSNyagV3m9KOToOZiDRu52UseLebgtHlcpuuZpBhS05oCJD1pl5sn/6+/vzN0SBXyaXwmfBDycWzxUIARS9CSD8QjRT/Gr1tHpm2McMrSueiJOGs4uCNgY93fj9IH09PF4uDU9FN7I0+yXTMr5Re6a//c/3+vcUmlAor1FBsTqreAKAxzf3t6T6IlveyQQph4pVadAAnoV2qC9ZT0ajo7Hk2opdmo03O+1ndKWeayzO0Cq3VfpPGXx0e0GOPKwPfM/f3lvIZzgnmtyUmHnBXK8zj6+7yAHDOZNVhcBJ2vL+GnDg42lE5oTgcSecVw7meifrSyiyOM6S1c/COz4rZ+T8wnqYBvsstxiEXkGP+04eiQBdlJ8HvtR8E+8hzLg1tgFxMS1fGIwJKAkA0M2JuQvp+McBerYrZy765oc0tlYZptVx8aVUdZ/Dz99xknwL8fyFp+fnkyYyEvGCKLjPTHfa+HcDvBY+Gf5e/+oOGVw7XWBGwljemIgfHdvzLJsSYQnACLlUpJzUi8Tv204gMCBJGD3ZLmy48pfXcqL/7Ydgbjc7nK7WLqbGu+3raw40HgirzO/HXyS+L4l45olc3Y5PdGrpbl+7bU/TK98eV57Rjj7UaaFDxLuqecXhW4akMOJ6aZ+yxXpbwOPfuDs44s+DMgutifhvfKblQ6m2oV03jXSMLbPcsC4c2tQWunj5KK7xo43LM+x/xRnQ9R+LMWYRw3Nd+g8VY+fZ867oCAJM/NfLNLqGqasQnifQiBNyjUVy104bKQ+QBfdXR0tCZGdgYH5NVr3oomQU81S1VOnWdeVbizX0K5tuduZOD8ul1kd7dPhtUA+J4+ueKf5XcB7Ly48ppjt4/oMD3aqre4TrlTcsYNy+VyylQTpH9CmP5DHXFKkMcc+GPi0ioHYosSkGTqkqZqO99yqWa/nBTaHLGtO+nlxI0wqsGBlvugdFVfL+CP/JJfOuFmyji7w40WGmGZwX08SrQUW3D1hfbei8rEtJ0jCmu5DD9YpH/A3FK8Mv2oj+kRPNCj76OgDcgoZ3TfFNwM/Y0YOYDGUQaFW8uGmi8J9xUR9XHOpAA28vLbmMiMyR26KD7rBvnL0FOKq/fTE48B91lIfrqeZ7rx8vWBcnkgrtH1QseJ6FLaqUzoD1vZpXznhHVahmvX8nyUREdWGFQX84uF6ypPTLtIf+s1L0jLzXka1lE6kQAL6CeQBOHR+3BgjQgP0Sl0qgqBXnmbgvlhq8cGQZVadluuI9vRtyiTtymRzQx/cLHMSz7PdCpl8U1ZtQ5p7OzA0Z9Z9McHVYgMIubS0vHmI08XwyLiBAiBMI5Y0gOCjHlE7JsBCimfiNSKl0u7pCQ/FbHniw+kHAwvWcniGjSlyWgJd8Ll7c1DuqDR313ydsFOI1jjC/KC4cyzaA3IGsbijDrhLnWDr/igAt9BBkE8DY78GFCQXUqkZ2ahD0Ac84SB5gPNkEWdkqvonAb0qafyCWck170vRtGbOHOFOsXMfvZVBAa4+T2ACdT5E6PtypAiSibuGUYfNJ8WNAPNtieP4PUccxwcbDh8rTQ/o2yTK93QgN9IdsgYTQKQEZBBBIphVvSjUmEffuzVqKwZ///VDePJgzLzSxjhpsZSsMAMwccuJmooL59uKyoqL5k8SwQEhIZIJlkB9Q3p+vMKiAIvtKbcPaaJVgOfTJeMdbQ6SaA13RgzHpzvTGjj2opRo0IJBlGivT7VEiBurl3InjdjEHvoYjCJP70gCpjdIRHiWTSCPb7L6dwJ6ddr4FXU6NM9wOvZ5A3Tv4KCvDJmM0UjU7gqvxYWITMp6NPc9kdHJuubbL98sCJStFlKpVQB/pPlnpVDMVJwHT+zc3qD4151LGip0Cp/xz6T9Rlx/NdBjdf4sU9hf/pgJ//Gvdxa6eFihmhGf4yYX2oexyYI4L+6b8S7705NJs/H/89c5C+CI33aipvSIiXdIuRfDUsVW8B3bl29zvI7Wnw/cnsQ0BR/4cHRisMvW2EI+EwX2P/75wURxKIs//LLk4HR2GjeZhR7ThBjVxazirPT0pxoFEtCrUSY7L4YmSdLnu3CiuzeHDJyHYV7u7CjghjQf/TQvw5ZmHDgsW/igh/dGxMlWbe5OgMT5z6uyNJuxGOmIzi6Wq0OrYIATwXNS85oskIHnmFTklx++mwjvxJkJhkiI5n/7Ydqiqj5X6GMiurzSGjhcmYGLeuCE1A0Xf6z1+EfyuIrhyf/6+9uwIVfRRGW5LT/0cGdSrTYdvR6Bj/NqphVw91+ezSpIgwJcaNAgGAVKO+K6A/5ZtdEGUbVrRAOmSw7lemP5nxRLnmVGfw7eUEq1KJCAXotCNquWvbiYD3G+6ZDM1S1SYpmhWynqn+LxTXadTksetMLEYXt8fzTcFQf/1+8fbeMIIi7zVjzIPr4/Zh3cOVbNBlkthlSTKFDP4S21SeL6cLgpzohNOhr3FYnL+Kf/UVz6O3Fv7AHYehrt99tkIMOUYUB6BfIjYu/Kog6zVwYe/K+z3OaJp4vJnzT+qvYNMHkmizijA2zyGSwxy2XKwdIffvBJhIBmQw21Yc1HyCpSFNvjN+I6y53mPUe+rBXAyvKlPydTIAH9ZPrYVTOJVQ9kfgmATSkX+3/+/gypaIv7ejtt3szlWXHve1qeuy0QflaUE2KMdyjcELvNCHGEOH1jkrVi1q99TT1fbOXj2ACGFoc9f5mvs+a/IM33PzQ/ByCj4syjio7SL0kDBZcnvwsu+2F21SKazmlq0tnVEv77j7dKft3LkI71cXf+OCuuwlcEJ5devPpsSrlWrQiomZIsDsItxXBDUYilHdp2PNyhkBtSEMYo6h8tFgXjsiQCX1KjdSkVoUACehEqKQ+aXXgHmmk4JsEF8h2ZYky0VN8DbNPi+kRiIaGI+jCzGu5II33/zqB2xa2bfTYmp9sKhPj7ixkty/k8ljKLAskKz/4APWFH3DOY/Tnr+WuqF4UXZqsYtKAP4NOqAYZEYEckjj1tVqNe8m4u7VjYZ8R+s6rLBi+7od4/Xo1Zt/31RpFS9Y+Vhy0tKbJkeFdAJ73/uGIWhYwftI8oNiSnrx26SK8RgqXLPW3aQSI6OZq835f+OgWYraVUkAIAAaUaBh2esp6cux8xmjQlK7bezLgF54XMK5EIWHdmCYpNMzsSX1lGwsfbb3/OmVaaOaqDPVdogUPWlRGRqePZizmbZhC+Gc0/hjVop4mThlHOspbl+LB2DY7lXs7yoCAkL6sGf6gMEu3B1LTeZCAVclkNYPMN2nXK39Hgguh+7/agDSQMmnOy26cG7iGk8pjir5VT2XYeKWVR5bEUaYNqOVM6qkGBBPQaBIqXUVzRudBqLyytWsc83tmUITsJN5w0cVzSgKTVRW15jS6Ub04NmjEI4CS1SxOPpPDr8xkZ0vg2UAfXcYABBnDnH47dbVRcC38mUFEPIjIcL3I9FIoW7FDgY24creqIzmLKRj1R3NMNx8cx5F+vtdSlxADi9Xp9+fotQ+kP7fU8DBAsp/2qefmGVgSQclCbIZozTZkcc679EcWadAMMmXi4uaEBMtZng57OZyS1ublbwhE1VhdSKkyBBPTCpKIjQq4mW3aCE5EAQD7RYeOpmxODmqt32W/CHn+U2AnHpdM/0I4zDFtQLtGRAdfHmZXwx8sFK47OTl1HE52fS/7hOAuvrAGCzSWEYsaopbkpaqO1YmCFOLcfkgb9p+8nTUPfKz0C9ZerUV7W+vWYlP+X5tUv5bmG5PV6ffn67WLpj7eZvAxUvz2fk/KSuHTeZnbFsSqBlp1EFNkZ6QdseGBurvn6RDYAWAPIlBGT7bkMhgwUPFscwMiSUm0KpDl6bRrlcrjBy4ZCHSOSorHOoaSUDyCQ2Ol1S9zr1+ebEjeJgLKhZbdVnRswZdMdbfv845XEWkkJcFaipbAEhqY8bj31ksp/GVjQWDO/Zjvq9ta+dACbZgWH+akBX0BFAokJ/QJAAWQ/aW0d/QKJNXIUdhjHYExje9CVl3txKkk9GNFggYclHlOR9g6tf2ugYkpgASLiw8bK9I1W/3dJJx9lcMOaPZLELs+o++5rXh7rZzUCyznIxbU7xHiXWE7yv3Zof75ovX9d0w5XwpXPp6NiFEhAL0Yny2UAUKeFC7IP+oYAW6GfW14YEdemBXQipyxoYACk76QUQwvOTrG70sQvauvpjK43y9gMQOyJo76QyLwkE1LEf3ai+SZRAVBHuIiSjYnN7zFJNcDr3AFAMk7uXDk+FiDHK0yHBp2nD8cNZEwZAAwa70eymvvFlvwYbMoDBM/KnJpBiDX5T7JEM2WezvmcH4MXYp57NBhvpWrVQ6NzYMsqS5JIQdACLfudm/0SzV1kX9Zzv1O53IcXKDbtTI76NWXPAd0hz9q7uXRW+flBLD5n+j6ZAgnoJ9Pn+NWM1bCmDtDo9AAYTppP/lO7zHT9joxsln4n7vi+5urr4fWbRbNcgzM+ljNHrMU2s3ksm1AA16e5FeXPl6jjXBUShu2islvdKPUAQF6kZe5NWdz4SAY7AJuEUjGWjXSBRPBCnmN4Bp+vu7CPGA/4Eb1RJ+BLTgKE0rYBlCNLR9rJs7dI78Ccu0m0gU7D0rLbTjSdQw/x4vWi5u6am0uS6GhvlnLONfBHaUlZJPamM0C1a4rjrfPz6W8xCug1plQvBeBUiJGYnZ6U4GQk1t0ntLYeOemb91pTzhwqDGhtmz3mhE7akcEIHBgxngGiXQA49BGY7byulZbKBJQ8J44vFMCS4KS3pwfDnekYu93HCwAEqEiY4mKggp+5CHbOU4IPHt4mxPtYb2wHu/IOtVFtZunLQK7hYFtLYZ0S+R8/GLWpDOW+klTDKgR2BHiqvTE9YGv/pdGHTEqRfkgxrBbYCUa2lOqmQKJavSQTNtizjRi5kvlLO8Rqc+UBmsih4Fgo3+i8bBRhCSx6ZGEKAMclP/NiOKl/MqDpHgOcfcdr+W/HAGXDeeHWcD3aOCpOGq3PTJNvAM9ApPoYfEyyEBD7ZSGHVts4ZlYWZfIptylfL8f5tsVjndeFLdXPXvSnD8bDiAx2SGjZMZ5BIGEKghEPc3MS9TAAlZNOKPEcLAVCn0OXyxnTUQ0KJKDXIFCly3BdAMKec5J1Tu+TFbJ718Ra7Y4UUXBYFFk4NPyXXCjj3JGEc8cf5ISRTSOsOftHBp4aFWp+QJul+K32iQv2aGPI0+/G3fBF19Hk0xraax/OZcqvfpm7Pnk0ZjvJuNeTyvPm2xSgZjtKbZVaUQOWKf+eTpqegvJYn/9VfuY8IKJkDklGD+ROmgGQZHSMFdoZ/7MhkG+rbJh5DO+cu5wOC1AgzdELECmfRbxKHJ3xEaBv27yVPdNllVk+t3feyKkQoTGBxQ8c9+BkAkXYU7lqZiDg+oBMVHFIuWMul8VbM6AdLvXIL1WAM0gSIvMe3FRLV6zj98m8FmUcXL5aWbSPZ2KXGpLHggyC8AhrUwLYu9rASkChxNigsrqk0R+Tpp4NMyS20D6TJh6fekwBmO+zHXaqZAXHfUcf1n/jSgt62HV/zEJNSZnKFEhAL9OiriO01rbPWsYewwLtSYn+iwhv6+f3huWYYcs003BczGDZXgq3n5RFGJZzfOpJrEeznLUu01IYNEAHD+8/LJvpK1wQNVs1jACnmAdQA/w9zGf1jGj9++TE4tHd8dLSVz1tI+8reYmdkXKxV8+LNSCmuYP93VpCjHqD48pM7ou4x6CGwYopBgNtSvVT4OQeWn951+IO5qvshWYOih17tQ0YeWJEbsVcFRtvwE2HxxKsv78jvNJedfaGP7g9WurgcX6fL6fSMWvV4xok8CYD9ztQu1C2Y5zD+rWn+F2phHhOJrl6rhbtCmuSoqxNirXurg4zSzUhJmar8s0AwZARnxVvsn9qiyy+7+4L1BgMIcV0iNs/0JbY6P8u5s8XS1kAnSkSTiAZpZBWSrOUfOZ0XJMCCeg1SVQ5A5wTf+I4bCBFrl2p08YSInDvajvpF4Hy7ccv4c37xfD/Tt6xfen/0vx15bcP4Z6W49zrLLxWnV293lar/Wcszr7BFpICCj0+JOrBx7t5g9W3bam1K7X+uD06W1bj3D1/B3UdboKfAZRxz3nMgbPIV+8XjAv/+w9TsjuQ00itmyPW35KWPW5cyZd/+NjL3tySoYxWN6Cv180Uosigdbi06/4rAf3UPcA2VdrmkW1ZlqFdNrZzQnkMAoAQpdgjOXpAGsCv2h8vZsO//3gz/I+fbkobP2vcnvkyrpN7ujstP8VyLyk/mETgcQkwxOuIuSRrlh2d/k8sO9YVS7LmyPkF7WnJYMied/zbm3NMeYm9JyUjA9XzV3PmaGJ6fLCiZ9dYpn/7c3K8rPjs61LGsfbvz59AfphWxX4loBejU4VcEt/V+Zg/rkg0HTFEHYXC8dsc7MHMZx/K4cTGrx+15LQaJsTtpsWRnzyYMC+qcL8/XiyYWI8nWJxO5gF+tOQI8njeQBh/VPx2jlnxkk7my8sf5/PH9jB//rKqQUtKvNW1DW257ZAt/WRmIhzkQkshncXh8fX+UA442FXng0dlepWvHci0d92sAdnxlsT2PPXrO05Ar49epdx0OtwubUmLvCouNiKfaNUAUbopO4j5pmSksnpbvtCfz8oBxWIYlmksZq+D2njCB7fJmNriq25JU4R+OYTslja8TXkqQ6RcU6yjfOboUa0SjuY//BvuurUlx4/6oFvg2Gz05TGmT0t1MWHq+kqWgJjTfqeBDbdUtkJRu4HSOWxqS7DMgxFO5JDDJaYkukfa1vOdgF4PtY7kld7KDFzY9HHnhsvOzo2OZKzwE6DAEe/fHZL4vxHeaL7OhpYnAkO8FgHPhhTWkom+wn7utjavq0Kxx07Bt419Hrty/ETk0MevHD9jyj5xcvBq/uwzf+3k9PYDS3nQkd3+6sZm+E5GM1GHgGKt2kgVn51ymAKwosA23uQyCoqcPiWgn552difgYF6KQwpfMz6hF+fqAiB06hZZ2T2VmLsmhRMi7viQopvIMSLXSJSPSSmf0yT4YGFRo44KUNblOXe81dtttZpPvHcawG5MDplNP3nyQI73HP72e/HN91GbfSzQA1tunRyHs6ZfhSlQ0AqicHnXKyObPqShZp7+WSI2qThXlJVaBvYuze/ZPoqNO44jWFLycrzTA44I/HoIzD3sm8cnG98Y+FT6WB4brLDSqx9R3r7YMn8udrCxPx4fdT8+9lh05OOZqyXGNq7z/PjSw58dNElz82oUK37+dGyiePlXOif6X/VDWXntS9m0oigr/QbQ2GGLPLyBXRkR03+Uu+a/Szn356t5C7oQQVF88DhcI/fhmPKl5v+UxTr0cSBjSccutSZtPBnztW3lOgGPhyshb9ZQhojsMPz214xNa1hNiDb+nq/6QBLvfSuRHeUdzjiwWUjp6ymQgP6VNKQjsvRD+F7cRbkPdLdMq70FI4OTIeRAy2m4at4RN1uwLaX4VXcuWA/s/IHiYIP7ZxODtVsOv3GkCDV+0VI2l2DQEveD11+bFavCVLLQipcbBhikFIyJDivfKpcenxOHmi/ezlvL5LJCc/ME9Iy6X/WVRPevIp/fjFeUTWmd2XpJMs4V0eRZTvwLJwMjpEfSWrOtFbEXJRxlAYJ6UywTY5ofJDoTAkotMzvzNrWXDzbnDEZTirVG2KZ4T711kT8P1OeSSB7eHTOrP4aSWsnHB3/OvxSckQ0/5vEmgbwW6QpfT0AvTKoTMqov46fto/yfRRfPgKqelAf0j48mtSmkVeIvnM0HjlNgPQOu4qRrSc79xmv+KzE9znnNflxgv6nNNOgaMGwB7PWmPFDZfksU2egKy67VoEWMOEOUGTzZG6PNnwAAFZ9JREFUtMgtbRLZ630LJ+dPQD+ZPjWvQsA4V9+QUu7lu+hM0blczQJKGRxkcEY02iiw2OHFfNVTbc5YKqrCQb8cQbaLu1M+y4Ikpr9squlTcEfSaTtDHBz+fDlv5rgETCQ5l7fDqn8YCBgUod0LrTpgtttScmxZ9bZ0oU4KnPbd1lnN1c2en0EC0I8K1IBVW/0J9KGxdhGWqKiPJcYvyvcaWvN4vv5y/Q4A5HPlfAmc+TrLccBMQnmGlvyJttxCBwe5P5NlqPInDhKvZPO/KvdcLbKOydO0ym3pdJ0USECvk2AnZXeXTvsyXZ03Eb4Mzvq4cbyPyK0o0wAR7pTi+ZPacPyas290CHivYTCJojs78Ha1MQcPLp4yVn+8kIpnIpgxamHnHM4zsOyL5yvelDuZjRHmURfXWhYdNXc9HTaOAgnojaOlASh6jyFcMX7lHJynrwStNb7Yl77gzSaurxcvL3LMZUkGeLeJvwE7bcOnG5Z9pHitWOnlqQY7+CbG2YBDmKri5cT6iM2OqyiWKr9OvijW8uuYKwG9wW8dnkmU0s9La+G/tCYOtzsNJ84PEIC9W1FXnSMXb3DkmHhhXZZYzCTcveN4Ge5B5kAcdcu4MGeLyx4uluNumoCSuKIqp9qSQRT5oQ9BHkjugbZcSjpqHAUS0BtHy6wktNpy4CBnEOzmIkACmniAW2/K38JmFpacTpNwlYzo7uv6+Rmw+2RH8iB8kqXiSLfseIWNPt84kW+zZajxZ1l2/nh4tY0rSQlXg1qnv5yAfnranXgnmm0MVAjIuJBxrMhhT7yxoRcdtczB2Qzj6fgrP3y9TqSfsr1x4GNPPpt1bIQ4n6pP2eJv+7bjb/3bfp5L1Xr6LcEO27UmfpEpOpqsxG1RgCGBbJui7vxbyWYg6IS8E4ei82/F1a8xAf3M3rGHImIe3NEINy+naqdPFw4Oolad152HE8eCmb4OpKjzVP8UI7vxVF/oDw7iMsCpSkg3FaFAAnoRKp06j4w/NFdv0+dikoO3ra1NkrHaUAJ8rjUCGVy97M45Aj6X5wwPI8iZ6qR0dhS4qB54dk90mUoWp8SravTfdlFNQ6rwF30UTe4CGpHe4rFdRAMrzScuoh1XvM4E9DN7wfhFJRKK4pVFjn4UZ2dWdyzYK7QoqyewTNw84QDjQtL5aygv5DEvutIE9LN6AwcirZAOiCJHP3ecZ8+GM0amEJWFcontctXUlm1hdbXYWRGlQrmRo1duXIUb0qnTUCAB/TRUK3CP7aMWsgFQ7MsFbjuTLB0yS2W92+fDuVcucGG4Qthirl9EYhBiAMyrCC+iHVe9ztxbv+qPegHPJ+oSJ/yiUhxgCHHMLjVLbFnLUnTqwEAQ17XjPTHPWX+bEdAJ04qzrv+6lJ+AfoZvGk5F/PDLkLo7PdhhGebOzRHpCY3k6TzlZ68rcvTLQKOr3IbL0QuvIIUjZOCmF5miTXmP9pyzjBZ1XzBRjlu07NYlO3pSvHYe7Y11sawX7foTYz87yiegnwFtrcMKRIjB0T49duwzqK5QkZ0KbMjOOsG55HiCiXGrgIY3m4tKKAJpk38uqhVXv94E9DN7xzJE0b+2NgR4UuTx/uv8/nr9nZ2tBur8gIPbCRRxFyl1QB880F4Udc7vPVxsTQnoZ0h/QjY5xzrDSmoVnY0zzMMBtOvieO3+6glhDLe3dN6aOFqhqYNb7XkT0t+zoUAC+tnQ1ea7+CVvF8f0FDn7GVVYpdjIK1F6lZVumZcZcVKitRq+xeovooXMz9EdpHS2FIi98GxruYalI4pi/nqRYrGTXSDK5OLhAXcOgf+4fXmDbZPEMZKdO3/R2cGN1WBzAvqZIyQB/SxIDGq0WQQjlPJmkbOoqFiZEcQTit5KRJhd7Rjb17bU4eFuxXnD3zvpgrhq88VIEv7M1+fvxalbrzCN41p1p7TZUet+UTiCzHHqjSeYn59Ohnk5m4SLjo/2ldoX85zfa2H40RRCUWL2S9tUMeqJW2rPryXXoaYE9DN7y1q26uoolX5B/LJUfzwgAmqlKKjx+nl/70iyAOgMNE0meiBkxqHyvFtzdetLonuD3210vogPtIF+B3o0WmlwVacqzsV4/rpP91MV0sCb9hRjfUdBKm3Zz5CeQN5A8paKSkAvkeLrDwzkwhCumwb7u8LoUM/XF9rgEvKSRf64wdUULm5QHm5v3BgQR5ePeSkIk16uMOnqypiAXhe5KmfGTTHr0rhjxjVSX29HeHR/TGvovpEkbhipfPdFnAXiFwvzaPZKwIe/KerqY9ELc1wx+AT2M+gSaY7+lUQF4ha4UBJnZ1drINTx3VtDR/ycf2UlV/R25uWI7HwT5WVPnmqfvyb+2hV94At8rAT0ryA+nHx3f0/BC9sU27wvTE9q+arfl6ssztkFc82veLRzu9XBjjKuKTxQrDnizM3MrtiyZAJ8415DAvopaRlBjgnp0wfjAnp/qSSUb5dPXC8179IdRLC36OD+7dGwtLQpP/SKNZcmlg17V4mUdZMSiDebeIkt+6N7YyWQR+16Anm9RC3rDIZl0DM53qe5unbZ6V9KjaFAomTddNRkXP2S6Kajsiq7NTlgJewlLl43JfM3GFfPTkyN94cOGRvtaQdO0sLnqXT64wT0OmkHl0H5Rril8bFeUyTByRE7U/pKCmRKOJYmiSC7t8uJ1EW/kqp2e6JinVRELCf8MEEPhzLFW51FpOxVKBDHypaWpjAqO3x+Ey4qpa+nQAJ6nTSEe/PpVixwQhl7Sty8TjJWzS7SWhqSIU2n3F/tSfWexPeq5Cp8IQG9MKk8I/wFrt4roEdxPXKiOotK2U+gQK8G0f6ejiwmXOqmJ5Cq0KVEwUJk8kzMzw9QEEm0RHQnJdsOp02j/sZBkwg3Q5qrJ/G9MZRNQK+HjpLQES1xstgtsdJSlDXrKSflPZECcZlyQEBvw/2VaJzE9xNJVvNiAnpNEh3OQLQTYpm1X1go5MPtucq/eiW64/6KNfWkff+6N52AXhf9mKHLc6rWeDtKIYySIq4uEhbK7DTtkufa/j4Fl7D5UdK+FyJdlUwJ6FUIU+00fa5d4Y0Au6WE82qkOvV55uVxtzx7B7BZ0MZApdRdT0vURLk6KMcmC3y1d8u+PZq5JpzXQcB6shoXl/OOvk75nm+X7ULavloP+Y7mTUA/SpEqv1EGmVJIGvdedT5S0sNVIVZDTvsQ2tvdEfq1vx/ap0H19IRNQK+DdnD0djlKGFDH85SxnTrKSFmLUaC8zCYrOe0pwFrOxfdi96dchymQgH6YHtV/HWgNXUjvkya4L+Potshb/Y505SspEJfZRoZ7bTlzT0iPPvm+suhrd3sCeo1XjpFMS1OL2VwTI2xKWyixiEuiZA3CNeBy1IP09bRfSv97DXjEcysiAf0EUkcjjV08lcrhI5xlety3pZ5wW7rUQApErn5jaiAQKHJ7ezdx9VPQNwH9CNEiuDm9K0MNPJ0QhOHGZH948lAODDVXNG4eJ5FH7k8/G0sB5+oH5lX34Z1R2+iCA84Y9CH/vhpb89UqLbmS0vt0TyYKJKDjXc3DD/BuIuu3vm65bB7tChOj/bK7Jhih633j99XqCpf5aZzud24OhqGhzvD2/VL4NLcaNjd3wr6QTth351jy/JOCP1R8kdca6MYNpGTDwpI95qQOadUHhzvDxFh/GBvpCbgjjik5fIyUuLjvfkWa+eHxZLg5tRHef/wSZj6vhvX1LQVyEuDlXbsF1GvjUbKjO/yOyr348Pkr/QuAs1SGaH6g4F/GvXvFvUfkr0yBCHEokZfMfZ4oU5n8yStNocv7cHHaNNDXJWOarnBrbSB8nFkRh18Jq+vbYQdpTO+XdxXf8+V9mvNr2dUHOoxaL964twQ8PJbs7Dj3xpR1QCL5xEi/Ag72BIIQxuTGMJ7PAZ4VFDOk7wuhAGNtfDe8F4sld78z3JoeNLAD+OWVLfn02zUvsi3NrRngrzePv9JAt7m3OgbJgixIe44L4R4t1wwrXNKUookOD7oxhufyTkRn4mMjRLyQ7LJKlLjYAyQrWuAvFtDzm0H63q1hifT9YW5+zUC/8GUjbG3uSqz3HYfNiPVKSHP6y59rk64s0AnvQyfYk5E0YX5atdtseLAjjIlzT4z2Hooo6hzCO4x3omvz/r/5B43vK77DttZWBdIYCFNaJVlY3NAcfiV8XlwLq2sS67U016RVk1Ym87KNIESzg/6bJ0PNB7hyQMdyCvF8e8fjbHdqpB+W/7EJeWzF4WC7HBnEFNdo09w7UuTb/S4D3qdYvNMRmc7yWd/YCXOKCT+3sBqWljfD5vaO5AFfWdHiiqWrDvhyr/9m37G/qeamfbOF3ra5mTaeSDwfF+ceH0E8xyVRJurxnBr++R3PfbOPnhp+jAKldyq82yqJ3jPegFiauymjmyWJ87MLcPmNsLq6KQMcdw3WLCVOjIbrOnv6FeJ9/D5W1Td14hsGuq9+Q20c/W/Lcg3PL6ODvWFivEdLY33mwDG+jSjaGd4z0Mdr6fsKUkDjOluKSXHVBGOnyOU3NrfD4pJAL06/sLwRNja2w+6BVmBam0OrxYKSW+8SWb59sH+TQDcNukZs4mmz/s3a99hEb5jS0hhr38fF86jAKb25dHCNKBC5fH6q1tXZHrom28OUYuZ9Wd3SfF6ivT7Ly1thi7m8xggcVLr+Tv2MGcE3nL4poMd1UdZKg9a/u+RPbHxEAFcIn0GJ59H9Mu/D11tRsPmo/g2/o9T0BlHA+wICvVIm4nEO5xZ8WKJjaW5uYS181mdFCrzt7T3ZWWg+L8RHBlPm9A1q2DkUc6mBns2+jQy2/q0QPcC2r7ddhi39ZtzSH7eMZsRygKf59zn0nW+0ikygzxhAnsu3traURPtNxbhflEg/J8u7xaX1sCbRnv3wzOWR7MsTR2bylx/6lxborhiRgu1ASyC4EZIYxfLYtLaJjktEP2zc4nIVo3Pi4N8o/i6o2fn+YkxenARmgukzU0E+aO3nJdbPA/ovm1qb39HCHJye/uYNj9LmBT1GzWovHdAjwdgaKh1baNMoy8aSG1obZf7Nb08SwbJ5kxM7o3jNR04ZEgUqUyCC1vsVKzPkc6397a7BcEtae+bz8xLr+SyvKI47y7ji8AfKy6Bh4r3uumxz+ksBdBPRs/Vvn3+7gm1U+7/ZhzyMK6H4FkTEvLjFq9AZ/0p/EwUaQIEIcIryvuacGyDH+fxdLdctaj4/Kyu8hUW3s9/d1VIdor3yXbb1+QsFOvMciIp56p72fZO6tOaJgm1alk0YuuQTIy358+KWX7ehN581HScKNIQC+b4W2Qm9DY38qMyn+WxvD5lob6BfXg+bWzu2nwIFXlNU4uke5/IXM5+/EKBH8cbsz1GwiaXji21ctufTE31y2u9eVnlTEdwcA/KUEgUuigJHux/A5xwOQ6cnBuyDpn5WZrfzWp9HzMcjDiyM+XwLprdibhcRCvpcgV4G+IGF2UHM6e/vsOWxaWnRCUUcU1l7Hs+k70SBy0WBCPzynJ7ddO36jIQ7NwbDwtKmRPsVifbrYVVae3ODJay3CvTnDfgzBDozbxdToufOXanP98XBW2R9hIUSe79ZJiP0TkxlgEcyxivpO1HgclLAJU3vr1F/hPuxcSmP+bA0Nze/avN5FHhbO7K1bxYOxOji3oyzfrIyws6gJltrFBXQoGPBxv7vwbEu4+AT2kV22IKt2vz7DBqWikwUOCMKxDm9zefF6vndI8OuHttCOyAuvx4+SYHHjrp1OcpgmQ7TXAP8Ga7HNxzobkiAnfCeNv8fmAKiU3HKRmV/DgdnBxmGCaQ4+kEMHxXPiPqp2ESBc6aA8fesU8d+Tr9HD8Xnizj7jPze4QrrizbX7OKEVDHmUOCdxRy+oUC3UUnS+t7eri149XS7Bh3x/NAOMo10CPX5JbNzfg+pukSBc6OAc3nsPlxvz28UznzYUcfGmo+zX2SMs27zeIJKItY3ci3+lEDPzb+xFlCKe8BRLBLAfhILNonnOPOLKf+gztPjlfSdKHDVKVCWWvPKO5aT2UI7rU1Z2Ni//7QcPku8Z/ssuiwcqDTCxPaUQJdhQAZwd9GEgq1Flmudtv49NtRrzvbjq8sGsgrr3zFH+k4UuD4UcIm+rLyDw7fJIQpLdPhQmJeW/t3HZS3RCfAWV8Dn8Ci3T7sKf0qg+xZR/J+jYBsZ7Q7T8tU1OthTmn9jreYAL49k1+dVpidNFChGAUCeV9yhrZ/UHH5MRmNzmsO/fr+o/fLrCiQCh9einMaH04j0hYEelwGIkEGwwY72tjA22Rtuaj8vJqo+D/GHy4voxR435UoUuL4UKCvuyswR/RXT31EBfmbuS3j1blG29RvG0c0bjshVD3evCXQAzu6SXe3Rc4C3avdYb7itvbuDmovnEwAH8HnQ56+n40SBRIGTKFCWfiOWMK6JG7reflwK794vm//6A7F2t7RDsQ3ky3qzSjVUBXpcJsOLKmvgOFlk99hRgLvYkdbAKxE3nUsUOC0FIrO06a9YPjYnD26PSqzvDS/fLoUPClqxoxh05gXHFHYn11QR6HKgI/9ZGieYg8tN8hgcXJrB8iaTKGIAcLXCZI+TK0pXEwUSBeqnAPAS2qTvcm7f090ZfvxuUiJ9T3j5+rP5vdsXM2duf9Lc/RDQ4zwcT6qEKWJ57O7NIXHyvlILGWFcPC+dSgeJAokCZ0gBQbzETB1/wRR2wwNd4dWbxfD6w1Jp/b2asq4EdEC+p3m4dozKVVNnuIPJntT9mOeRYgWMMCklCiQKXAwFIv7AI+L84wdjijDbHZ6/nJd57Vo4EIMm0ORR67pWRoCgiKJ4ymiTmH57eiDcuz1svrB5lKgUiBVczOOlWhMFEgXyFDCRXmjne2y4R8y5I/z1ci681fo7e0tQ4uVF+dY9/cJkdVBOHh7cGTEfWRRYXiLLF5+OEwUSBS4LBZhCg1Oth5mPux++mwp9fd3hTwF+U37r29rg7N5aie5NxsUf3RsrOVyMXPyyPFBqR6JAokBlCgB2zMkjZpHIe2RW+9tfswo/tS4DNkWT1fWml28/H9y9OWylIPfn5v12Lv1JFEgU+DYoAH6bmhzE69oD/8ufM2FW1nVskmnSSGDMPY4I38YjpVYmCiQKVKNAxPKOVs9+/XMuvP+w7ECPF6rdmM4nCiQKfFsUiJjm+9c/ZkKTbNcP0NyllCiQKHC1KJAHe0l0v1qPmJ4mUSBRAApEsKOQSylRIFHgilLAl+B8y8sVfcT0WIkCiQJQgKl54uipLyQKXAMKJKBfg5ecHjFRIAE99YFEgWtAgQT0a/CS0yMmCiSgpz6QKHANKJCAfg1ecnrERIEE9NQHEgWuAQUS0K/BS06PmCjwfwH7tqNDYxMZLQAAAABJRU5ErkJggg==', '');
INSERT INTO `users` (`id`, `username`, `email`, `password_hash`, `profilepic`, `site_form`) VALUES
(7, 'lloyd', 'lloyd@gmail.com', '$2a$10$ac63be46f367e3c168edaOEA0KyyhgYNgH1oVduMVhpq2atqE9tUa', 'iVBORw0KGgoAAAANSUhEUgAAAPoAAAD6CAYAAACI7Fo9AAAEJGlDQ1BJQ0MgUHJvZmlsZQAAOBGFVd9v21QUPolvUqQWPyBYR4eKxa9VU1u5GxqtxgZJk6XtShal6dgqJOQ6N4mpGwfb6baqT3uBNwb8AUDZAw9IPCENBmJ72fbAtElThyqqSUh76MQPISbtBVXhu3ZiJ1PEXPX6yznfOec7517bRD1fabWaGVWIlquunc8klZOnFpSeTYrSs9RLA9Sr6U4tkcvNEi7BFffO6+EdigjL7ZHu/k72I796i9zRiSJPwG4VHX0Z+AxRzNRrtksUvwf7+Gm3BtzzHPDTNgQCqwKXfZwSeNHHJz1OIT8JjtAq6xWtCLwGPLzYZi+3YV8DGMiT4VVuG7oiZpGzrZJhcs/hL49xtzH/Dy6bdfTsXYNY+5yluWO4D4neK/ZUvok/17X0HPBLsF+vuUlhfwX4j/rSfAJ4H1H0qZJ9dN7nR19frRTeBt4Fe9FwpwtN+2p1MXscGLHR9SXrmMgjONd1ZxKzpBeA71b4tNhj6JGoyFNp4GHgwUp9qplfmnFW5oTdy7NamcwCI49kv6fN5IAHgD+0rbyoBc3SOjczohbyS1drbq6pQdqumllRC/0ymTtej8gpbbuVwpQfyw66dqEZyxZKxtHpJn+tZnpnEdrYBbueF9qQn93S7HQGGHnYP7w6L+YGHNtd1FJitqPAR+hERCNOFi1i1alKO6RQnjKUxL1GNjwlMsiEhcPLYTEiT9ISbN15OY/jx4SMshe9LaJRpTvHr3C/ybFYP1PZAfwfYrPsMBtnE6SwN9ib7AhLwTrBDgUKcm06FSrTfSj187xPdVQWOk5Q8vxAfSiIUc7Z7xr6zY/+hpqwSyv0I0/QMTRb7RMgBxNodTfSPqdraz/sDjzKBrv4zu2+a2t0/HHzjd2Lbcc2sG7GtsL42K+xLfxtUgI7YHqKlqHK8HbCCXgjHT1cAdMlDetv4FnQ2lLasaOl6vmB0CMmwT/IPszSueHQqv6i/qluqF+oF9TfO2qEGTumJH0qfSv9KH0nfS/9TIp0Wboi/SRdlb6RLgU5u++9nyXYe69fYRPdil1o1WufNSdTTsp75BfllPy8/LI8G7AUuV8ek6fkvfDsCfbNDP0dvRh0CrNqTbV7LfEEGDQPJQadBtfGVMWEq3QWWdufk6ZSNsjG2PQjp3ZcnOWWing6noonSInvi0/Ex+IzAreevPhe+CawpgP1/pMTMDo64G0sTCXIM+KdOnFWRfQKdJvQzV1+Bt8OokmrdtY2yhVX2a+qrykJfMq4Ml3VR4cVzTQVz+UoNne4vcKLoyS+gyKO6EHe+75Fdt0Mbe5bRIf/wjvrVmhbqBN97RD1vxrahvBOfOYzoosH9bq94uejSOQGkVM6sN/7HelL4t10t9F4gPdVzydEOx83Gv+uNxo7XyL/FtFl8z9ZAHF4bBsrEwAAAAlwSFlzAAALEwAACxMBAJqcGAAAAmxpVFh0WE1MOmNvbS5hZG9iZS54bXAAAAAAADx4OnhtcG1ldGEgeG1sbnM6eD0iYWRvYmU6bnM6bWV0YS8iIHg6eG1wdGs9IlhNUCBDb3JlIDUuMS4yIj4KICAgPHJkZjpSREYgeG1sbnM6cmRmPSJodHRwOi8vd3d3LnczLm9yZy8xOTk5LzAyLzIyLXJkZi1zeW50YXgtbnMjIj4KICAgICAgPHJkZjpEZXNjcmlwdGlvbiByZGY6YWJvdXQ9IiIKICAgICAgICAgICAgeG1sbnM6eG1wPSJodHRwOi8vbnMuYWRvYmUuY29tL3hhcC8xLjAvIj4KICAgICAgICAgPHhtcDpDcmVhdG9yVG9vbD5BY29ybiB2ZXJzaW9uIDMuNTwveG1wOkNyZWF0b3JUb29sPgogICAgICA8L3JkZjpEZXNjcmlwdGlvbj4KICAgICAgPHJkZjpEZXNjcmlwdGlvbiByZGY6YWJvdXQ9IiIKICAgICAgICAgICAgeG1sbnM6dGlmZj0iaHR0cDovL25zLmFkb2JlLmNvbS90aWZmLzEuMC8iPgogICAgICAgICA8dGlmZjpDb21wcmVzc2lvbj41PC90aWZmOkNvbXByZXNzaW9uPgogICAgICAgICA8dGlmZjpZUmVzb2x1dGlvbj43MjwvdGlmZjpZUmVzb2x1dGlvbj4KICAgICAgICAgPHRpZmY6WFJlc29sdXRpb24+NzI8L3RpZmY6WFJlc29sdXRpb24+CiAgICAgIDwvcmRmOkRlc2NyaXB0aW9uPgogICA8L3JkZjpSREY+CjwveDp4bXBtZXRhPgrs5oxmAABAAElEQVR4Ae29Z3ccubKmC3rvPeVtS+32OTNr7lr3l8/X+/GumTXn7H32bqNutbyjEY3o/bxPRKIqSVaxsqiiEQlIxcrKRALISLyIQCAQ0fQ//7/fDkJKiQKJAleaAs1X+unSwyUKJAoYBRLQU0dIFLgGFEhAvwYvOT1iokACeuoDiQLXgAIJ6NfgJadHTBRIQE99IFHgGlAgAf0avOT0iIkCCeipDyQKXAMKtF6DZ0yPeMYUMG7RVLmS/WSOVZkw53w2Af2cCf6tVddcAMB7PNQ+fxzV9pc/ure5qUoBZE/p3CiQgH5upL7cFTU35WdxQq2ACnb3xJIjcO07Y9GO46aQvy1iurW5JdixMu0d2AhwuR/+GrQuAf0avOTDj9gsLpudOdBB00HYFxj3wLa+D0pAPhCImyxvq1Db3NISWlqbQ3tbS2jV+ZY2Hbe2hjZ9t9m5Zl3XtVZdU/5WnVtb2w6//zUXdvf2HPiHG5J+nSMFEtDPkdgXVVWeW4Pj3X0Bek8H/l8gFpCb90ObwNze3hI621v13Ro6OttCV0ebfut8R0toi8AG9LqnVjo4ODCQ18qXrp89BRLQz57G516Dc2xE8X1xawFbHHU/49TNuoho3drVHLoBcle7ffd0C9D63dneZiBvLQDk+GDCc5YkHUgyYBDY3d0Lz18uhH0NKC3i8ildLAUS0C+W/l9Zu4OZQiLXRgzfFbj293eNY8Ot4c5w5h6BurdXn66O0N3VasBubzu5CxiGS0jOAHv4y8RyuHeTRHYx+7C9sxd+fz4bPi+tJpB/5Rtu1O0nv+VG1ZLKaTAFNM+mRAB30Gxz7B1xUMCGlrtdXLlLHLqvpz0M9HQJ3B2hp8dFcL/peHMcy5E1S8mWB3P8cfy20hlATppfWA/PX82Fz4trNqcvZUgHF0qBBPQLJX/9lbtYLqFcMvL+Loo0ROPm0CtQ9wvQg/1dob+vS8But7l2pRryoI4AdZxm6K50U4Fzr98thD9ffg6bWztSxuW1+AVuTlnOlAIJ6GdK3sYVDsCZZu9ILD/Y2zVw9wnYQwNdYXiwOwwI4N1dbSY+52u1xTHdxyJXs0QAAN0IUMc6GDQo79P8Snj213zYkdjeIYli78BW12O29H3BFEhAv+AXULl654YObnFuIZx5N/Pt3s72MDTUHUaHesS9Ow3cR8XxMscG2CBbCrLKFX3V2Tgv5/vdhyXNzXcF8tYE8q+i6tncnIB+NnT9ilIBuZCpta9dLW6zDAZ4Bke6wvhoXxgZlFje3X6sfAe3c9dGcuxjFVU4sb6xEzb0YSCKs/wK2dKpC6RAAvoFEj9ftXNvQI7xijTYOuoR9x4b6Q2TE31hSKJ5nE/7fRLKM1Rx3sGdL/E8jmmlDy60ZX9P7RDYU7p8FEhAvwTvBJDv7Ut7Lg7e1HIQBqRMuzHeFybG+jPRvNxIB7cvZV0MuMttsfU7DUndWrYbG+sJK2tb0iHshlatsbHMl9LloUAC+gW+C9a+TcEmBRaWaYODneHmVH+YEsAPrW+LW8K8AbaD+3JwzbyE8eTBuCznWsKLV66Q4xjpZN8XAu34Akl97atOQL+ALgAHZ/2bOTgJjfmtG/1hWgBvyxmwwL0N2ADccl7ePxLaw8M7ozbd+P3FfFhb3zK79+Ymt867vC2/Hi1LQD/n9+xiuta/ZZbapeWwm1MD4faNQTM9pSmXSzQvThwflA7C1ER/6JH13e/P58Lc/GrY1wO3trhRT/HSUs5GUyABvdEUrVJeNB/Z2XHb7+mp3nD/1qjm4512B0tU8O3LJJpXeZSKp2l3HKT6ezrDf/thOjx/vRDevF+0tXUX5V2Yr1hAOnmmFEhAP1PyeuE+F5cN+s6+rNc6w707I+GW5uJRIHdueNmF89qEinN2nqdVc/QnD8bCoAayP1/OheWVTRn5tIaW5sTda1Oy8TkS0BtP00MlYpW+x7ZQ9f5pLZM9uj8mG/QyF7+4pbFDzWzoD+fuvjIwqdWD/r6O8Oerz+HDzLK4+4HtX09a+YaSvGZhCeg1SXT6DHByFG7N4mIPbg+FB/dGzSmDi+ko2r59Ll6NOhHsXGf57W9PJ81c96/Xn+WQQoo62cKjr2DVIaWzp0AC+pnQ2Dsxdt/s7378cFSi+qDVBMivMsDz5IzPGZ/59vSgifLPtQT3cXZFijqJ+LbmHu9Ka++REo3+TkBvNEW1bMZW0R3ZfbOD7IfHk2FsuMdqiR2+0VVezvLK0gqAZ95O6tec/W/fT9mS4gsp67CPN0Wdru/bLW4d6LnT30ZRIAG9UZS0cjKQ7+5aR/7xuwnbNoq5Cx09criGVvmNFGaivNrKYNciLv5ACkkUk89eSFH3BUUdu+t8bSLx9ca/1AT0BtKUOSecfEBbR//t++nQq80ndGzSdQZ5JLExbOPuPn0ZG+kRjdrkQHI2fJhbCQcyrkErn3bGRIo17tuH0MaVd01Lghc123oxVm4onhzkDvAE8sPdwkR5nWIMxGfdzz9MhUd3xsz6D/920S0WPD6lxlAgUfIr6QjA2bC1u7tv4EZcZ/nM5+NfWfgVvh3ubuK8wN7S1BIe3x8N30ufgQvpXWz/E8gb+vYT0BtAzh1xoY7OlvDDd5M2J08gL05UB7tPb9DK/yxpqFOmwfjAc2cZqYsWp2b1nImK1WlT8woiJi6TcKHM7q1R0657pxW/qnl/yuAUMFE+02XgXONvMp/FB96OpCT0Hil9PQUS0L+Chlh30T+xWb8xOWAlHSj6SZqT109UB7vfNzLQHX58OiXO3mp6D5+zq6tq6TKl01EgUe50dDNOw1xyfLTXloooJonspyRmdlucs+PQErB//3DCfNKbgs7ypIW301I4Af0UlPNltP3Qp3Xgx7JdJzKJgzzJmacg56FbALsvrx0E7OQf35M2XicJ1ljWxh+6Jf0oQIEE9AJEymeBYPiLwBHivdsy+ihp2BPI83T6muO8GH/n5mC4IyXdvrxHJ35+eqomoNdNOynghPSxkb5wQ04jPCWQ103GGjc42F2xef/uqHzXd1k8t6Scq0G4KpcT0KsQptJpREcikRKg4M70UGknmomblW5I576KAhHsRHe9d2s4dCgUs/m3T+Nq3XRNQK+DZKZl177KseFecXTfqGJWH3WUkbLWSwFHNfP18bFei9+etrbWS8NkY1iYYoiMRExpE1e5Mdlr95kCrnAJKeNpKOCaeBfhb2muTmhnQjMnxVx91EwcvQ56HQjoBDIc0tKPpyRD1kG+U2dFhCcNi+4jgz3G1V0zn7pvUaImShWklImLYusENMQfGjwmzc0LEq8B2ZCeSJNjfSZV4Z4rdd7ihE20KkArxHY6Wpv2URPY0JJ1PO98BYpIWRpEgeEhjz3HNCql4hRIQC9Eq2YzdUX729vTkbsjie45YpzpYRTfiWATXWQTByalYhRIQK9JJ5FIzINQYuyq6pIyiBQ7Xs3bU4aGUSCT3uXYozuzRkxKuaLETUCvQSkIhJQI7+4WyBPAaxDsHC73a2cbnD0C/xyq/OarSEAv+gpFqR55QyGl2WFRojU4XzZTYsDt6BDQ0zy9MIET0AuQSpHSbLcanctSYiUFqNb4LFEjgi1DfBcpEEQxOieg16STJudi4fgfb1cH8xS7XM2bU4YzokB3B7qSJFsVJW8Cek1KSeOuf82KCFoGes2bUoazokCGbZSiTdkOl9SJaxM70ag2jSxHizoVhjIpXSwFGHRJrUhXEqxsFpUErJovJQG9JonI0CSO3qKIIlmPSh2rENXOJpMTv0Ox21qbGXiT+F6EzgnoBaiEdpfuFUXFhPMCRDvjLER7MYvFM67nqhSfgF7jTUbbK03RlRK5apDr3C4L5z7wJoZeiOap59YgU7OW1uQRTrHBWhQuKPHyGuQ6+8vZK2hToAfcbKdUjAIJ6MXoZKJ7wawp21lSIOPgCeL1ETkBvSC9koRYkFBnnS1DeHof9RE6Ab0QvSL/SN2rELnOMlN6BaeibgJ6TbJlJIpYr5k/ZThTChx6D4d+nGm133rhCegF3iBM5GBXFu9RBV/gnpTlrCmQQF4PhbNdGvXccr3yKpSapV35cmdzi4L8NpQA5f0xUSZVhf6/ofWcd2H+XPGZqL1Bz0WRKgoLuXzp5/1831p9Ceg13pj6VAOT99Lo/4y97WW/c8drimD5FvbAx2cChTyTP9fxZ4KYcXDzPBly66TyrsIqHyQRqzDVEtBrkSpjG/71dTOdSsAFIDsK1khgAlKrzGxtzV4oyIMlAulygV5cNaPP0XbtKWb8jp5pn/hVAj/P1SZbhPzgxjPZUFB5PDB6VPuzr3vx+pNSMQokoNeiE9xJ+N4X99hX5xUKTWSst29ap3bkKu73Xvi8tB4W9Vlb3zGgc04W9fJwKhvu1ma5rGq1II74R8PFdB5IgCsrqlbrz+y6tyEORopHJ1Avr26EL182w+radtjY2lEIpQN9QOO+gby9vcV87uEuG2+6BKck1fc8jCwyYVKxJrzX+yKsxuv3JwG90Dv3aKnM083HjPe1QneSKYICsL/9tBzef1wOK6tbAjggyFhibviIHR8gdMghZZ/APjbUHSYUraRT4aAiyGO+wg1pQMZYZ2zD2vp2+DS/Ej4vruuZNsO2pJN9gT7m8yozgvHVshraW5bC4EBnuHVjMEyO9tnzHM5fu6FIDIA94bw2rciRgF6LTobDCMasWxXuXbpP/+HG65s74dnzOYHii4mzTc3NCAfamEFhcUogqYFbss+euOHqzlZYWdsKs7Or4c37JQslfHNqyDg+t5pIr2/x1lpPcrrragtF0yYeJkoWK+Labz8uhJm51bC2tqN2YyrszhqJNMsP2udWqlGB6c+3s7cbZhgcljbCrak1hZ4eFcfHBxzlU4/94aBqQoJIXmCrkufYhQT0YyQ5ciLreOh9UACFIM8mWec/kvPYT+dSTQLqZviv3z6FxeV1iatyYNHaFg6a1FEFDnd7Bmdn22Vr6JK7KsT3FrbEqh4it25t7Yat7T3dvxk+L28IYMvh3s0h44h4vvFUsFHHWlnjhDUjArwpbG7vhFdvl8Lb94thbXNLgSZbTero7GiWe6d2986qhu9KWkH3sKXPnj0kz+jJ2qyxbfdgL7x8sxA2NAj+/GQytEtaKYM95j767YMAwS55J3HgOZor/T5MgQT0w/So+gvlD5+iKYJ8c3M3/Ov3mbCg+XiHPJfSTSV0CsTljh/LpJObYk7BwDsPWkN3d7vm5+2ht7vTOB3z3mXNgT8vroXfX8yJK66Gh3eHw+hwn4qg5MaD3YEH2g/Ch5kv4a/Xn8Paxrbm2p3hxvRAGOztNIDuq80r61vhy+q29A7b9hwWZKECyRjgmtFHNCnijcbNT5JWWppnws9Pb5TcODtnj5TJf/szEi/dnrd6xvxN1/44Ab1GF3COq0ziwEWTdUXHRnj2ct7mr8y1jUMDcDBZIe2p9/I52AnictthcWU9zM61hC55nx0Z6glT470SdQcNdEsrG+HT3JrE+eWwvrUXphWq6Cw84MAxt8XF33/6IoliI0xNDoSJ0Z7QJ6AzCHxepB1fNJCthU1x5l0jWDaR0HPao6LNzCcRaL9JYD/Qecn2rW1NGkRWQk/3vMT4sUx8z99QPo643snm6JoBGV3LOdJRJQokoFeiSu4c21QxmkHBtGMa5NzFiofZkpG6+LtPSwLIors9Ut598fLqvbg8ANCZ45wbEXX5y0ZYktiPuExIotuKKjouJdZgf7dNJ5bE5VGCOdCd41VsWt0nvSzE7/6+rnD39nCpXR9mltWe5bCguvd2d+WBBw281g0qbh09Ir0Y+h3sDH5ERt1v3g+v9Xwjw1kgRQ0iDuosc2x79ni+bOcnj5Qec6bvHAUS0HPEqHhIP1PnghET2K9WOtCoQAfd3tkJr98t2X2mnNKNhxVvsaQ4T4+/D39TFuvPJOpHzJ1bWAsTI70GPCKMjg4Tqx1Nd5xLW/YG/PHVBrh3yMLBz0qJ9uLtgk1FNMU2XUKrpiSeTqaPjwFHuLuGP1KrdBfb0kO8fKPBTM/EoKHHycDupdtfR78tUZZ0mLnL6bAyBeIbqnw1nS1TQIA72kXLF8tHTSbiN4WPM2umhEObTI/d00gBEA/2d0uZzTUV5arz5kFw1Fe5a5eloENTL8wDeObLC9Ja37kxFO7dHhQ351UeXdYqVXWqAx84/FYUZi80P0eEj9JDM2uNcFglb6Mfx78xhjnPA2gR60UJZc5uEkGRXJokxtuzaUBb1DOhyZ/UUuJJyexwKKeiBHHSndfzWgJ6wfeOwUy0Xqt2C92YjsvSz4fZZVdINdOpsXaT8gnxVkAVti3RT5kS7Gq+aWVrkGDOifhr4qzhocwlDUya18LU2jXn35bI/MfL2bCkufx3D8dDP5xXqRGcPV/GvCSIZ1L+YeDDc2D4gqjieD08/KFk4wEBN8/lQhDusjUX1yiFbUDGlG2MQCrYlV4CJSQndjQifJTUANBjPnuoI392dxgwIyWPXEw/j1EgAf0YSY6foDvRqX2Z6Pj10hmAqcyItyyl9Sjy6pDCLKOh7lGARoxdUDzxj8Scf0tg3djYCRvSVGNRtipLuS0pv6SWM1A0C/nO4SPg/ZtzAIe5LRxwXWV8/2g8jI0AEBe5+T5NyoP87cclW//flMa/vd1B7e2JJcd2wVybTdrY39GAp7GgQ8/bq5UDPj36dCroQntHi5YRYzm+DLeh512Txp7nh6PPz6+FxS/rol13lUGLFZBYf/ouQoEE9CJUUp4ikHFcwaH3w8M7Y2FyrFdmrIfNV0+qbnt7N3wR4BcW1m0e/kUmpdviXJjEIqEe7dwRcHB3QPKPXz+Fpw/3wg1p5k8L9jzIn2vF4Pmb+cBsgzpifUefIQLc2qr5+uhwZxgd6QlDMnPt626TXUCxboa127IsBmcF9B3RglRpsGIagDFRSsUpUOwNFC/v2uc8EKedmtBSV8mQxUkCgCypf5a6qBib8TaBGC4PmEb5CCC3tEY9J8C/F0eFu7H23iaF1VGwUybiMdFFt2TQ888/ZqUPCKaZrwQSb0Tlv3mQs07PnJzBi1hne7H9uVvj4LOjwQjRfEJLfDcnBwX0brsnl9U4M7/t2TMC2LPbHNuViLhwRhHHx42ToNnxIZbb46AT20DZKVWnQAJ6ddr4FfW1DKL6XT6qfBvzT4mmEltJDm7O5TiTrmWXPVPubxwMACghh24L7JNas2Yp67XMXzE7ZReYz9/V3SMOVP6eJrvtAsqO5rvP/poz67qpsX4aQeW5WqofxmyvpFV/+UYgFxJb9TyU7UOSQVODk+pGTJfkwnSGTSp3Zak3IQkmP8DlnycOOvbsxwjg7fOxxEF/kk2AxtIsRQLE3+m7GgUS0KtRpnSezo3TiVogL91Qwlbs3OUrJx/l80fuCpe/e2tEc++e8Pz1QngvbTtWaBalRPiI2m6MT1BqEWxidWs7zGgZzoAu9BbBuudxReL72ZWwKSOcDinddpukK2Cd25rOX+ihugTyZkVKuX+rP9zX+jr6B1IerPnnsYs1/vhAU31QirA25aVr+Xywq1Fuupw2tRToA+7XnU62i2ZYKXI++1HhT63rFW45diqCxAGvZWyZwf7t6VQY7OsOf2rujMIOkTpgXabGIcpiKtvZ1Wrz10lZ0cVUpD0xD1rxG9J4s1jQJqBjzoqVnrF3A/m+tP0HsozrCI8fjoUpGe7EFAcnZY6nGvudId3iou8z4KgequJ8SidSIHH0E8nDRToUSYDP0JD1Nz99xn+9TtbHXaS9c3NQWvz28Osfn2RXvuXGNOrsOHlg2eunx5OhrUPLeai9T5nu3tKGGYni6yr/P395r0FE+gFNhpmns798TAY6Tx9PHFvOi/Q5ZbWFb2NKwftIqTgFYi8ufsd1y2nMybdg4vnF0hlzkHzxPmVgnu8iOPWPaG/6f/vpptm/72h5jvEHZRgbXtDUA3IGhtMlH8ZaVCjOMVa1gYV1/QPN0/ek7LsxMRj+/ccbOZCLqdoAeLi+09dfoNUR46n3FiCWZ0mkqkkqetXhTlzzljoygMf8h7oEq3IJdh2O7qc874GtS//t+ynZhveapVqL5sssb7E5hJQfGPzOYn9jzWi9P2qujuILI5gdievsVvv56YRp+AHy4TbxHPFu6qc+z+Nt9ucs1oqUq9EUSEAvRFHrtYVyFs1knV+ZAUT+o1+cLRUDYP1TzofYypozmnnm7aMCO/oDoggva1cb+989lYFXKrDWQXYLBj+rmp9jpou4flMbaX56PCUjHmnhVTcp3+7YznLx/hyH8ySwl+lzvkdpjl6A3qeAy4mlAnIAEBOcGMs29ptvbUnZpQ0xrJezmQVHFJ0CdK8MT1grJ7GExzI9praA/eenk3Js8THMfV41Jw4LcutkG1FiBQW/eU4NK5Z7fnHTjFY4d0Nr4z9o7o+ijnk6YM8nLNvW5WUGBxk8w4408oj+7Wo7mnueoVtbbd05pN95lAb58tJx4ymQgF6LpvR0JVw/RdNNP3Oavy7Kwv0Qa+dlEPNhVvu8cRKpubBWx2w3WJO0TSZqZYMB+dulYe+TEg6nisMySMGuHeCRAPuP301KcfZBZa7I9n0z3BaSuM/Ba9mK/VGRGMAsy0hnW5z8xtRA+P7xmNbHvS4ADNhXVMf8ZzdVxWwXjzJ6OtWhfLrOKgCDFdtJsY/vzfbU35jsDwP9XTbQIeobKXISzMmN9PL5S/IW+XH6ezIFEtBPpo/3JvUsLLCOMLLsTu98tYrhOlZzcGPmv89fz9uWTFwz9fd2BfzADclhYk+nOJ9syvHOgvNIXEiRZ2Vl2xxKzi7Mh+aXTbYv/aZAMybvMgAeW/LvpQn/P//YNkcXG/Js0y37ejTmgLNIinnxTItjC9rzwyOfk3M/A8AnebV5//GLDSbQhHpRDrLchnONDtmyt4lQaMa3tBaPu6lFSQezkjaeaQMOu98e3RuRbcCQD0QlsJ/cwkPzf8vabPqD0qLIybdf+6sJ6DW7ALzVl9bYYFItAUY4fjWLLvVnAzkd9ndZrv356rNA3Rb+7ftpMxtlTZytoKuaX68tbxtIEIEJUsC1wf4OAzduoZfl6WVe4vmMpIExrWPfv4U7qR6ZjnbZLjacUFJOt1xGb20I8BL7ayXatanpA8BdlKMLDHIQ1xksSB9lqMM+dKQPPN5Maa0dN9RY6aGR31a72JwDjfB5h6FPt54Po50708NhQ7brr99+Dn+9Wgj/fPbJLOoe3BnJwA5tKreQXW1ICkxbItjN9t9mD0ZUhKOUalAgAb0GgQA5HQyuaQYqR/I7gOF24l4CO9zNU+x9viwWO/JzAfy5bMhHBrs0t56ynW0zcsX0UR9cQG9qnmu+0LldnT/2f5bP2P0F58T9833tisO1EzvXlvSNJ9W7N4fNxp1y4Mrb/bs2JejQHJn28xw+bSg/RFaN1bmhQaFdIF2XEu6erN0YPADZsxfz8hUnSUIPcVMbZnoFcPQKs+Luq9p1tikQH2BgrwQ9SDxvq8rqUpsH5J1merIvPLo/blOPf/z6Mfz256wNBrc0NSAv9UT9QKQpA8iypgg9DFS5sQoHm0gTRh0MhtKaOsQ4MSWgn0geLtKRZAaqngUnOZoicHq7O8KbxWXNl13xVO6sZXC9l0/3Zy9m1fE7zevptkTz//8/34Qv0nAjNtPhm9WJ4Yjekb025rrgZ0PzeCzV5uQckvn6kKzkbss3+ictg/32fFZgbpFPuQETizcFWlxAAUjmy1LfHW26/84aiqSwJSXgzk6ruakakARB+vOFuLAs8TrF2fFqg237O220cZ2CylV7oY25kDLwebHWZpW9KlfVDDwfJX2MaOB4fHc0/PTdVPi7lIe//TljXN8GR3tGp4GX0KTpwZamLrs24MRz/i06scRgKS6qxyvpuxIFjvfcSrmu8zkQtu824NW2RjpWNE+Wx1aUa8CSAYBNH4CXhPOGX7WzDNH2nuan+DT/P/98G5bkVBFujajLdk4dWgIo8cMJTnOdeTAvjYgob+WTDus4vMUiBbx+t2jctQfFlxR2KPcApI0SFFIhRZgwGDCI0F7s6hGV4absR2eJrVuceXFpU3NsgVyba1i3Z7953MRCObG9fJMYAGgzz8YDzGhA+t//9c608kw30NL/8uxjVq/zc6dZk+kD5j+zeuADjksjXi60bbd9/f47/a1NgQT0E2iEyyY+dDKcLsTlrZI8nd0bwcz2UjzGIJqTfBmqScteK+EXmawyB2fOyt7x357PWN4OAcjm/qaljltUsoKPfLkmm80ktEURW3Sd+fq67WqTyC1Qf9H8OibpvlXnrmnJORdBHa/7t5/dk0EMInhpZNJF1tLhqOge2CeO1R2cFDogccT2HC6v/MuBr/KRKFQGy4Q4sPiXwM21MUkIS1+2bGkQLT91+zq907BNElS/pB9SlJxi6c26hrhP62lLSidTIInuFenD+KelJa0fszea7jQozXinxHJSpX4V57/Mbf8hsfQ//vlOirJeW4b6qLksii7WlXGVjFfZj7Nt5gyRzSmUx/IdA0ap7HgAd0SFrW/r1voWdPmpvK43QCLYFeMGPHHQ0WVJFK4ph0uSKo/qfhaJAMcXkRvbDfojjCLQ2PJas9b1EfExl6FJgM+byQ/u8Ho48vbakQI1CJLyXiE5R6BUoAdx+LGRLg0gISxoMMHn/X/88lHmtf02GKD469JU4cnDIS9K9xvQ/aHtHIMPbWOAoj3QgGXJQ22wnOkPFEhAP9IP6IgsazFvZGkpemA9ku3Yz8hx1JXF8Vo0j122mGQskwGHZs2fDyRLI9rfvzMa/p9/u2luk+CaiNdb25IeBLa41dQriGgnACOd2X2usS7dpWUsXFUxbZjXnJ0lu6lxeXXRwBQTFmwlxV48eeQbaJBoJXnd4YNrvsbFcd/2ailN3La7qzMMIrEoDxZzDAoY7LhfOKCWTyCSwUADEW1WewF3r9rLygBx1zY398KM1uGpGS7OtIFdedzDO8BeIA4jpcErkkN3oZtgisLz43CDwQG/8oZ1Kk/pEAUS0A+Rgx+I6vsWISWCnM5U6myH8nuHztiZcSc6HIkOvSCA4J0VJR7LZNp/Yrbo+EXDGwu7wO5oroo22zmqgMl0QWBCiw9/5FqbnE0Y91RHZ/kOhd2uBgbMXWcWJC1oGynBCr9/NGnXzXpN920qz7b8t0WObg2r8oc97qzZ4+GVRBlYs/2gtfnf/poxzT50oM3oGBDFmdYwMHCe/HBXlIreZsJK4RAT5aL0D3oGHGACRlxUsR6PkQ0+9DDGadNUBMUhI9rwUKdZ2P3+17ykKrnjypxemphA41Qf58rng0lM76T4a1d9R6USbrnuKQH9aA9QJ2pSx+vQfPJ40kXjrfkrvmxFNFHCBjMPXZW2mC2j32k5Ce04iiuWirAgm9Vy2LxEVdak33xYksMGNxNFq90l5Rb3AepmAcOs0BBNVe2+AMUcektz3HWVs65vBgS4+ncPJ8JdcTgGAaYQmgRYAxkA4LhVZPb8Q9gxXJoPKXJ6Akb8959vWIw0XEy/0Fo4g1e3JAqUgObwUc8Q87NiQBtwb721oYFD5WFjYKsAduySAHQCxExvWILjmYm+gsUdSkCeoa29yazvkBwGZU1Xor251NZ0gHel+3Y1gjJIcZxSZQokoB+hC1wUkbGkeON3qf+UDuwuD9bgziCtE2ryjcINrTVulVwZV65gdDho+WvIIoniDpptpYiw3LMnpRqShLNx6nToxHMWfVWnTKklTosia2ykO4zLMg4TWBLDECm2F6s0YrrjIcbT4fZnJ+2L+pg2IEL7CcrzaQfeY55qMMG11Sc5bkQbTojkFQ1acHX9N4kFtMd2o6iLtVE/ICRwJGviQ4M9MhIaUChoRYWImbLGIJkwODCoMEXAmQYPxjSkTM/DN1G/xXmzMnhW3mJKeQokoOepoWPnEixlRXAcyXDsJ3PKEFbV8bHrfnhv1Lh0zEZ51pntAE18U5iW0onPF7iXNOa4Omapif3eiJ1wam5DwdQqgABcIo1i4YbbaNxHR4u1Uj2xmuwEov/6urhzTZW0g4Y6aOKqtOscAEw4M223L33j5ebBbX3k2op96oRzxrgGizgTu1U3QRpYeaBURHeqR9KAg/dJAiBoZE9JFKdsnlSZuIHq9O3us4Zt0HkjXUfbRpPm9XB0y2JZ7Uf2hwGgTVMALyt/JR1HCiSgR0oc+sY+3IEeO/mhy9kPB8eBrNPWQosGBmKTkWLn5TofS3aAuEnH5nyTLR3F5SM7mf1xhZgDJH/+6HG+rFhNzANnRsRXJObCiTatAFwNOlFK4Ob4DPnniv7ajxbO48F9uafMgY/mijQql205soeIz4U57mNFiyVM9KyWKMfxWX+8KBsQWbNPqToFirKt6iVcySt0mkz8q9F/4MSIoxblVHfRSQFMBMdh8kSlmrgP/5Q3w/2hbHBAPkcTeUv3GPfz8vL5qJuENp81a7NFj8+Sz3jkmLKZFrACsCzpxNPhhy89l7Uj1xaTP7I7dAttrwRyb7tuVvKyKP9wHflr5Kccwk61q0w21VRKlGCrGpUupnNGgQT0Kh3Bu2OVi7nTGLyw7ZLEPRFoduKEP4Jo1QHBAX38ZjBcAttxfJQGDTjqZwHdtO/idJRXJJn2XyL/gqz4eBrqq3ivtSPXliNgrd7+4wPTSe3iWSmL70EtG3p8uWp38JAFH7RaEVf4fAJ6hZcLJ9mVtptUAU+H7gAMMeUO46lTfVNmvtx6C2E/Ooo+xFnjoicW4M9pxjjKh9UdO+PYFHPa9LXtz9ebp0P+OJ8nHdemQAL6ERrRmej61cTEI9kvzU/nfN4cNrlsyvSVDSdIDlHfcBLHQ/RFLYECEG03O9NI3wq4tHpJa/VJGncocTQloB+lCGtE6iusy8b0bQiE3ko4+YxAyuYu/J9jtor2u1aySK+Gaso5sEARZvvOL0aRS5yYqrAG74NS7We9xI9yZk1LVDlCWpS39GsMUkrpcvdzA6LrBg5stxnLXa0tctSgf6j9CiUM8JW4B7PVZW2OYTsqyefKBcuxO873D6b8tuvNqk0cvRL1E9ArUAXOgOjLBo5vKc3OywedDE0Qv8G3Vvit+RbZpOaDAGQEfd0jAiDGv32/rLX+zICm5v0XlwG7A0x3sZNPqTIFEtCP0gWAqMOw5ZP4Y5c9IVbDcbEmeyEvMHxzDo07/1DIVXKYcfS5bElMvQHjvD02sithyINnmVgHks5lTAzI25jA6l9KlSmQgH6MLtrvrf7CPuy1DVmJKfnc71jGCz8RAUhD/lL00zkti2FVxvbaQe3jJhCiu12q/pqjoIuHGJbX9mVPOq6NK9PjA5IMmjVXXzKHFtQBHajzsqT4XrAXYMMMv9OGlspvp3oPqJz/GpzFbFM7oCQO4sUlpsvTvcst8nm5RGzNpdkkw0aYR3LV9LcnU2YueyCg4wFGK2Y1k20PVV64+YDWrHFaiaEKduR/vvxsHnLKhVwuamDNh/kx7y2lyhRIlDlCl8jhkAJZj4ZTWLoEfTvPTOMxvuF/l6NFVgoe3x0zp440FTNa4izipSVyPvHkI0+r5bTsDNN67MXJgvjPN1tUCYlMNFU85LirqbIBDm2I7ThW8BmfyNeLxx420VR4vDNuxbdTfHzP306Lz7ylDnUMR+DouE2+6BTF5QjYKLKjR/jl2QebZjx5NC5/6aPWVAIv7mofOiGV2fZaRkCl0UqIVmKO3qHtpwe6B6eVsc6nCo388O6ItPBb5gKKba9RC0978m2ygs75D5tpcEBp0k2lxzvn9lzW6hLQK7wZPLchBW7tKpCBto+S6NB5LlLhNjuFAqxRCbBFUKt2czSBIU8U2X//azZ8ETd7Ik84D26PqFqvm91j22o7HA4HjjFFUMbffMdzlBn34KPBZq5Owtb8e/l3B+y4ln4uv+wk8sPpv8j5Rfwd2xvbYRdO/YdnqU7L2G6Me9hBhy87b/GpK7zSNyagV3m9KOToOZiDRu52UseLebgtHlcpuuZpBhS05oCJD1pl5sn/6+/vzN0SBXyaXwmfBDycWzxUIARS9CSD8QjRT/Gr1tHpm2McMrSueiJOGs4uCNgY93fj9IH09PF4uDU9FN7I0+yXTMr5Re6a//c/3+vcUmlAor1FBsTqreAKAxzf3t6T6IlveyQQph4pVadAAnoV2qC9ZT0ajo7Hk2opdmo03O+1ndKWeayzO0Cq3VfpPGXx0e0GOPKwPfM/f3lvIZzgnmtyUmHnBXK8zj6+7yAHDOZNVhcBJ2vL+GnDg42lE5oTgcSecVw7meifrSyiyOM6S1c/COz4rZ+T8wnqYBvsstxiEXkGP+04eiQBdlJ8HvtR8E+8hzLg1tgFxMS1fGIwJKAkA0M2JuQvp+McBerYrZy765oc0tlYZptVx8aVUdZ/Dz99xknwL8fyFp+fnkyYyEvGCKLjPTHfa+HcDvBY+Gf5e/+oOGVw7XWBGwljemIgfHdvzLJsSYQnACLlUpJzUi8Tv204gMCBJGD3ZLmy48pfXcqL/7Ydgbjc7nK7WLqbGu+3raw40HgirzO/HXyS+L4l45olc3Y5PdGrpbl+7bU/TK98eV57Rjj7UaaFDxLuqecXhW4akMOJ6aZ+yxXpbwOPfuDs44s+DMgutifhvfKblQ6m2oV03jXSMLbPcsC4c2tQWunj5KK7xo43LM+x/xRnQ9R+LMWYRw3Nd+g8VY+fZ867oCAJM/NfLNLqGqasQnifQiBNyjUVy104bKQ+QBfdXR0tCZGdgYH5NVr3oomQU81S1VOnWdeVbizX0K5tuduZOD8ul1kd7dPhtUA+J4+ueKf5XcB7Ly48ppjt4/oMD3aqre4TrlTcsYNy+VyylQTpH9CmP5DHXFKkMcc+GPi0ioHYosSkGTqkqZqO99yqWa/nBTaHLGtO+nlxI0wqsGBlvugdFVfL+CP/JJfOuFmyji7w40WGmGZwX08SrQUW3D1hfbei8rEtJ0jCmu5DD9YpH/A3FK8Mv2oj+kRPNCj76OgDcgoZ3TfFNwM/Y0YOYDGUQaFW8uGmi8J9xUR9XHOpAA28vLbmMiMyR26KD7rBvnL0FOKq/fTE48B91lIfrqeZ7rx8vWBcnkgrtH1QseJ6FLaqUzoD1vZpXznhHVahmvX8nyUREdWGFQX84uF6ypPTLtIf+s1L0jLzXka1lE6kQAL6CeQBOHR+3BgjQgP0Sl0qgqBXnmbgvlhq8cGQZVadluuI9vRtyiTtymRzQx/cLHMSz7PdCpl8U1ZtQ5p7OzA0Z9Z9McHVYgMIubS0vHmI08XwyLiBAiBMI5Y0gOCjHlE7JsBCimfiNSKl0u7pCQ/FbHniw+kHAwvWcniGjSlyWgJd8Ll7c1DuqDR313ydsFOI1jjC/KC4cyzaA3IGsbijDrhLnWDr/igAt9BBkE8DY78GFCQXUqkZ2ahD0Ac84SB5gPNkEWdkqvonAb0qafyCWck170vRtGbOHOFOsXMfvZVBAa4+T2ACdT5E6PtypAiSibuGUYfNJ8WNAPNtieP4PUccxwcbDh8rTQ/o2yTK93QgN9IdsgYTQKQEZBBBIphVvSjUmEffuzVqKwZ///VDePJgzLzSxjhpsZSsMAMwccuJmooL59uKyoqL5k8SwQEhIZIJlkB9Q3p+vMKiAIvtKbcPaaJVgOfTJeMdbQ6SaA13RgzHpzvTGjj2opRo0IJBlGivT7VEiBurl3InjdjEHvoYjCJP70gCpjdIRHiWTSCPb7L6dwJ6ddr4FXU6NM9wOvZ5A3Tv4KCvDJmM0UjU7gqvxYWITMp6NPc9kdHJuubbL98sCJStFlKpVQB/pPlnpVDMVJwHT+zc3qD4151LGip0Cp/xz6T9Rlx/NdBjdf4sU9hf/pgJ//Gvdxa6eFihmhGf4yYX2oexyYI4L+6b8S7705NJs/H/89c5C+CI33aipvSIiXdIuRfDUsVW8B3bl29zvI7Wnw/cnsQ0BR/4cHRisMvW2EI+EwX2P/75wURxKIs//LLk4HR2GjeZhR7ThBjVxazirPT0pxoFEtCrUSY7L4YmSdLnu3CiuzeHDJyHYV7u7CjghjQf/TQvw5ZmHDgsW/igh/dGxMlWbe5OgMT5z6uyNJuxGOmIzi6Wq0OrYIATwXNS85oskIHnmFTklx++mwjvxJkJhkiI5n/7Ydqiqj5X6GMiurzSGjhcmYGLeuCE1A0Xf6z1+EfyuIrhyf/6+9uwIVfRRGW5LT/0cGdSrTYdvR6Bj/NqphVw91+ezSpIgwJcaNAgGAVKO+K6A/5ZtdEGUbVrRAOmSw7lemP5nxRLnmVGfw7eUEq1KJCAXotCNquWvbiYD3G+6ZDM1S1SYpmhWynqn+LxTXadTksetMLEYXt8fzTcFQf/1+8fbeMIIi7zVjzIPr4/Zh3cOVbNBlkthlSTKFDP4S21SeL6cLgpzohNOhr3FYnL+Kf/UVz6O3Fv7AHYehrt99tkIMOUYUB6BfIjYu/Kog6zVwYe/K+z3OaJp4vJnzT+qvYNMHkmizijA2zyGSwxy2XKwdIffvBJhIBmQw21Yc1HyCpSFNvjN+I6y53mPUe+rBXAyvKlPydTIAH9ZPrYVTOJVQ9kfgmATSkX+3/+/gypaIv7ejtt3szlWXHve1qeuy0QflaUE2KMdyjcELvNCHGEOH1jkrVi1q99TT1fbOXj2ACGFoc9f5mvs+a/IM33PzQ/ByCj4syjio7SL0kDBZcnvwsu+2F21SKazmlq0tnVEv77j7dKft3LkI71cXf+OCuuwlcEJ5devPpsSrlWrQiomZIsDsItxXBDUYilHdp2PNyhkBtSEMYo6h8tFgXjsiQCX1KjdSkVoUACehEqKQ+aXXgHmmk4JsEF8h2ZYky0VN8DbNPi+kRiIaGI+jCzGu5II33/zqB2xa2bfTYmp9sKhPj7ixkty/k8ljKLAskKz/4APWFH3DOY/Tnr+WuqF4UXZqsYtKAP4NOqAYZEYEckjj1tVqNe8m4u7VjYZ8R+s6rLBi+7od4/Xo1Zt/31RpFS9Y+Vhy0tKbJkeFdAJ73/uGIWhYwftI8oNiSnrx26SK8RgqXLPW3aQSI6OZq835f+OgWYraVUkAIAAaUaBh2esp6cux8xmjQlK7bezLgF54XMK5EIWHdmCYpNMzsSX1lGwsfbb3/OmVaaOaqDPVdogUPWlRGRqePZizmbZhC+Gc0/hjVop4mThlHOspbl+LB2DY7lXs7yoCAkL6sGf6gMEu3B1LTeZCAVclkNYPMN2nXK39Hgguh+7/agDSQMmnOy26cG7iGk8pjir5VT2XYeKWVR5bEUaYNqOVM6qkGBBPQaBIqXUVzRudBqLyytWsc83tmUITsJN5w0cVzSgKTVRW15jS6Ub04NmjEI4CS1SxOPpPDr8xkZ0vg2UAfXcYABBnDnH47dbVRcC38mUFEPIjIcL3I9FIoW7FDgY24creqIzmLKRj1R3NMNx8cx5F+vtdSlxADi9Xp9+fotQ+kP7fU8DBAsp/2qefmGVgSQclCbIZozTZkcc679EcWadAMMmXi4uaEBMtZng57OZyS1ublbwhE1VhdSKkyBBPTCpKIjQq4mW3aCE5EAQD7RYeOpmxODmqt32W/CHn+U2AnHpdM/0I4zDFtQLtGRAdfHmZXwx8sFK47OTl1HE52fS/7hOAuvrAGCzSWEYsaopbkpaqO1YmCFOLcfkgb9p+8nTUPfKz0C9ZerUV7W+vWYlP+X5tUv5bmG5PV6ffn67WLpj7eZvAxUvz2fk/KSuHTeZnbFsSqBlp1EFNkZ6QdseGBurvn6RDYAWAPIlBGT7bkMhgwUPFscwMiSUm0KpDl6bRrlcrjBy4ZCHSOSorHOoaSUDyCQ2Ol1S9zr1+ebEjeJgLKhZbdVnRswZdMdbfv845XEWkkJcFaipbAEhqY8bj31ksp/GVjQWDO/Zjvq9ta+dACbZgWH+akBX0BFAokJ/QJAAWQ/aW0d/QKJNXIUdhjHYExje9CVl3txKkk9GNFggYclHlOR9g6tf2ugYkpgASLiw8bK9I1W/3dJJx9lcMOaPZLELs+o++5rXh7rZzUCyznIxbU7xHiXWE7yv3Zof75ovX9d0w5XwpXPp6NiFEhAL0Yny2UAUKeFC7IP+oYAW6GfW14YEdemBXQipyxoYACk76QUQwvOTrG70sQvauvpjK43y9gMQOyJo76QyLwkE1LEf3ai+SZRAVBHuIiSjYnN7zFJNcDr3AFAMk7uXDk+FiDHK0yHBp2nD8cNZEwZAAwa70eymvvFlvwYbMoDBM/KnJpBiDX5T7JEM2WezvmcH4MXYp57NBhvpWrVQ6NzYMsqS5JIQdACLfudm/0SzV1kX9Zzv1O53IcXKDbtTI76NWXPAd0hz9q7uXRW+flBLD5n+j6ZAgnoJ9Pn+NWM1bCmDtDo9AAYTppP/lO7zHT9joxsln4n7vi+5urr4fWbRbNcgzM+ljNHrMU2s3ksm1AA16e5FeXPl6jjXBUShu2islvdKPUAQF6kZe5NWdz4SAY7AJuEUjGWjXSBRPBCnmN4Bp+vu7CPGA/4Eb1RJ+BLTgKE0rYBlCNLR9rJs7dI78Ccu0m0gU7D0rLbTjSdQw/x4vWi5u6am0uS6GhvlnLONfBHaUlZJPamM0C1a4rjrfPz6W8xCug1plQvBeBUiJGYnZ6U4GQk1t0ntLYeOemb91pTzhwqDGhtmz3mhE7akcEIHBgxngGiXQA49BGY7byulZbKBJQ8J44vFMCS4KS3pwfDnekYu93HCwAEqEiY4mKggp+5CHbOU4IPHt4mxPtYb2wHu/IOtVFtZunLQK7hYFtLYZ0S+R8/GLWpDOW+klTDKgR2BHiqvTE9YGv/pdGHTEqRfkgxrBbYCUa2lOqmQKJavSQTNtizjRi5kvlLO8Rqc+UBmsih4Fgo3+i8bBRhCSx6ZGEKAMclP/NiOKl/MqDpHgOcfcdr+W/HAGXDeeHWcD3aOCpOGq3PTJNvAM9ApPoYfEyyEBD7ZSGHVts4ZlYWZfIptylfL8f5tsVjndeFLdXPXvSnD8bDiAx2SGjZMZ5BIGEKghEPc3MS9TAAlZNOKPEcLAVCn0OXyxnTUQ0KJKDXIFCly3BdAMKec5J1Tu+TFbJ718Ra7Y4UUXBYFFk4NPyXXCjj3JGEc8cf5ISRTSOsOftHBp4aFWp+QJul+K32iQv2aGPI0+/G3fBF19Hk0xraax/OZcqvfpm7Pnk0ZjvJuNeTyvPm2xSgZjtKbZVaUQOWKf+eTpqegvJYn/9VfuY8IKJkDklGD+ROmgGQZHSMFdoZ/7MhkG+rbJh5DO+cu5wOC1AgzdELECmfRbxKHJ3xEaBv27yVPdNllVk+t3feyKkQoTGBxQ8c9+BkAkXYU7lqZiDg+oBMVHFIuWMul8VbM6AdLvXIL1WAM0gSIvMe3FRLV6zj98m8FmUcXL5aWbSPZ2KXGpLHggyC8AhrUwLYu9rASkChxNigsrqk0R+Tpp4NMyS20D6TJh6fekwBmO+zHXaqZAXHfUcf1n/jSgt62HV/zEJNSZnKFEhAL9OiriO01rbPWsYewwLtSYn+iwhv6+f3huWYYcs003BczGDZXgq3n5RFGJZzfOpJrEeznLUu01IYNEAHD+8/LJvpK1wQNVs1jACnmAdQA/w9zGf1jGj9++TE4tHd8dLSVz1tI+8reYmdkXKxV8+LNSCmuYP93VpCjHqD48pM7ou4x6CGwYopBgNtSvVT4OQeWn951+IO5qvshWYOih17tQ0YeWJEbsVcFRtvwE2HxxKsv78jvNJedfaGP7g9WurgcX6fL6fSMWvV4xok8CYD9ztQu1C2Y5zD+rWn+F2phHhOJrl6rhbtCmuSoqxNirXurg4zSzUhJmar8s0AwZARnxVvsn9qiyy+7+4L1BgMIcV0iNs/0JbY6P8u5s8XS1kAnSkSTiAZpZBWSrOUfOZ0XJMCCeg1SVQ5A5wTf+I4bCBFrl2p08YSInDvajvpF4Hy7ccv4c37xfD/Tt6xfen/0vx15bcP4Z6W49zrLLxWnV293lar/Wcszr7BFpICCj0+JOrBx7t5g9W3bam1K7X+uD06W1bj3D1/B3UdboKfAZRxz3nMgbPIV+8XjAv/+w9TsjuQ00itmyPW35KWPW5cyZd/+NjL3tySoYxWN6Cv180Uosigdbi06/4rAf3UPcA2VdrmkW1ZlqFdNrZzQnkMAoAQpdgjOXpAGsCv2h8vZsO//3gz/I+fbkobP2vcnvkyrpN7ujstP8VyLyk/mETgcQkwxOuIuSRrlh2d/k8sO9YVS7LmyPkF7WnJYMied/zbm3NMeYm9JyUjA9XzV3PmaGJ6fLCiZ9dYpn/7c3K8rPjs61LGsfbvz59AfphWxX4loBejU4VcEt/V+Zg/rkg0HTFEHYXC8dsc7MHMZx/K4cTGrx+15LQaJsTtpsWRnzyYMC+qcL8/XiyYWI8nWJxO5gF+tOQI8njeQBh/VPx2jlnxkk7my8sf5/PH9jB//rKqQUtKvNW1DW257ZAt/WRmIhzkQkshncXh8fX+UA442FXng0dlepWvHci0d92sAdnxlsT2PPXrO05Ar49epdx0OtwubUmLvCouNiKfaNUAUbopO4j5pmSksnpbvtCfz8oBxWIYlmksZq+D2njCB7fJmNriq25JU4R+OYTslja8TXkqQ6RcU6yjfOboUa0SjuY//BvuurUlx4/6oFvg2Gz05TGmT0t1MWHq+kqWgJjTfqeBDbdUtkJRu4HSOWxqS7DMgxFO5JDDJaYkukfa1vOdgF4PtY7kld7KDFzY9HHnhsvOzo2OZKzwE6DAEe/fHZL4vxHeaL7OhpYnAkO8FgHPhhTWkom+wn7utjavq0Kxx07Bt419Hrty/ETk0MevHD9jyj5xcvBq/uwzf+3k9PYDS3nQkd3+6sZm+E5GM1GHgGKt2kgVn51ymAKwosA23uQyCoqcPiWgn552difgYF6KQwpfMz6hF+fqAiB06hZZ2T2VmLsmhRMi7viQopvIMSLXSJSPSSmf0yT4YGFRo44KUNblOXe81dtttZpPvHcawG5MDplNP3nyQI73HP72e/HN91GbfSzQA1tunRyHs6ZfhSlQ0AqicHnXKyObPqShZp7+WSI2qThXlJVaBvYuze/ZPoqNO44jWFLycrzTA44I/HoIzD3sm8cnG98Y+FT6WB4brLDSqx9R3r7YMn8udrCxPx4fdT8+9lh05OOZqyXGNq7z/PjSw58dNElz82oUK37+dGyiePlXOif6X/VDWXntS9m0oigr/QbQ2GGLPLyBXRkR03+Uu+a/Szn356t5C7oQQVF88DhcI/fhmPKl5v+UxTr0cSBjSccutSZtPBnztW3lOgGPhyshb9ZQhojsMPz214xNa1hNiDb+nq/6QBLvfSuRHeUdzjiwWUjp6ymQgP6VNKQjsvRD+F7cRbkPdLdMq70FI4OTIeRAy2m4at4RN1uwLaX4VXcuWA/s/IHiYIP7ZxODtVsOv3GkCDV+0VI2l2DQEveD11+bFavCVLLQipcbBhikFIyJDivfKpcenxOHmi/ezlvL5LJCc/ME9Iy6X/WVRPevIp/fjFeUTWmd2XpJMs4V0eRZTvwLJwMjpEfSWrOtFbEXJRxlAYJ6UywTY5ofJDoTAkotMzvzNrWXDzbnDEZTirVG2KZ4T711kT8P1OeSSB7eHTOrP4aSWsnHB3/OvxSckQ0/5vEmgbwW6QpfT0AvTKoTMqov46fto/yfRRfPgKqelAf0j48mtSmkVeIvnM0HjlNgPQOu4qRrSc79xmv+KzE9znnNflxgv6nNNOgaMGwB7PWmPFDZfksU2egKy67VoEWMOEOUGTzZG6PNnwAAFZ9JREFUtMgtbRLZ630LJ+dPQD+ZPjWvQsA4V9+QUu7lu+hM0blczQJKGRxkcEY02iiw2OHFfNVTbc5YKqrCQb8cQbaLu1M+y4Ikpr9squlTcEfSaTtDHBz+fDlv5rgETCQ5l7fDqn8YCBgUod0LrTpgtttScmxZ9bZ0oU4KnPbd1lnN1c2en0EC0I8K1IBVW/0J9KGxdhGWqKiPJcYvyvcaWvN4vv5y/Q4A5HPlfAmc+TrLccBMQnmGlvyJttxCBwe5P5NlqPInDhKvZPO/KvdcLbKOydO0ym3pdJ0USECvk2AnZXeXTvsyXZ03Eb4Mzvq4cbyPyK0o0wAR7pTi+ZPacPyas290CHivYTCJojs78Ha1MQcPLp4yVn+8kIpnIpgxamHnHM4zsOyL5yvelDuZjRHmURfXWhYdNXc9HTaOAgnojaOlASh6jyFcMX7lHJynrwStNb7Yl77gzSaurxcvL3LMZUkGeLeJvwE7bcOnG5Z9pHitWOnlqQY7+CbG2YBDmKri5cT6iM2OqyiWKr9OvijW8uuYKwG9wW8dnkmU0s9La+G/tCYOtzsNJ84PEIC9W1FXnSMXb3DkmHhhXZZYzCTcveN4Ge5B5kAcdcu4MGeLyx4uluNumoCSuKIqp9qSQRT5oQ9BHkjugbZcSjpqHAUS0BtHy6wktNpy4CBnEOzmIkACmniAW2/K38JmFpacTpNwlYzo7uv6+Rmw+2RH8iB8kqXiSLfseIWNPt84kW+zZajxZ1l2/nh4tY0rSQlXg1qnv5yAfnranXgnmm0MVAjIuJBxrMhhT7yxoRcdtczB2Qzj6fgrP3y9TqSfsr1x4GNPPpt1bIQ4n6pP2eJv+7bjb/3bfp5L1Xr6LcEO27UmfpEpOpqsxG1RgCGBbJui7vxbyWYg6IS8E4ei82/F1a8xAf3M3rGHImIe3NEINy+naqdPFw4Oolad152HE8eCmb4OpKjzVP8UI7vxVF/oDw7iMsCpSkg3FaFAAnoRKp06j4w/NFdv0+dikoO3ra1NkrHaUAJ8rjUCGVy97M45Aj6X5wwPI8iZ6qR0dhS4qB54dk90mUoWp8SravTfdlFNQ6rwF30UTe4CGpHe4rFdRAMrzScuoh1XvM4E9DN7wfhFJRKK4pVFjn4UZ2dWdyzYK7QoqyewTNw84QDjQtL5aygv5DEvutIE9LN6AwcirZAOiCJHP3ecZ8+GM0amEJWFcontctXUlm1hdbXYWRGlQrmRo1duXIUb0qnTUCAB/TRUK3CP7aMWsgFQ7MsFbjuTLB0yS2W92+fDuVcucGG4Qthirl9EYhBiAMyrCC+iHVe9ztxbv+qPegHPJ+oSJ/yiUhxgCHHMLjVLbFnLUnTqwEAQ17XjPTHPWX+bEdAJ04qzrv+6lJ+AfoZvGk5F/PDLkLo7PdhhGebOzRHpCY3k6TzlZ68rcvTLQKOr3IbL0QuvIIUjZOCmF5miTXmP9pyzjBZ1XzBRjlu07NYlO3pSvHYe7Y11sawX7foTYz87yiegnwFtrcMKRIjB0T49duwzqK5QkZ0KbMjOOsG55HiCiXGrgIY3m4tKKAJpk38uqhVXv94E9DN7xzJE0b+2NgR4UuTx/uv8/nr9nZ2tBur8gIPbCRRxFyl1QB880F4Udc7vPVxsTQnoZ0h/QjY5xzrDSmoVnY0zzMMBtOvieO3+6glhDLe3dN6aOFqhqYNb7XkT0t+zoUAC+tnQ1ea7+CVvF8f0FDn7GVVYpdjIK1F6lZVumZcZcVKitRq+xeovooXMz9EdpHS2FIi98GxruYalI4pi/nqRYrGTXSDK5OLhAXcOgf+4fXmDbZPEMZKdO3/R2cGN1WBzAvqZIyQB/SxIDGq0WQQjlPJmkbOoqFiZEcQTit5KRJhd7Rjb17bU4eFuxXnD3zvpgrhq88VIEv7M1+fvxalbrzCN41p1p7TZUet+UTiCzHHqjSeYn59Ohnk5m4SLjo/2ldoX85zfa2H40RRCUWL2S9tUMeqJW2rPryXXoaYE9DN7y1q26uoolX5B/LJUfzwgAmqlKKjx+nl/70iyAOgMNE0meiBkxqHyvFtzdetLonuD3210vogPtIF+B3o0WmlwVacqzsV4/rpP91MV0sCb9hRjfUdBKm3Zz5CeQN5A8paKSkAvkeLrDwzkwhCumwb7u8LoUM/XF9rgEvKSRf64wdUULm5QHm5v3BgQR5ePeSkIk16uMOnqypiAXhe5KmfGTTHr0rhjxjVSX29HeHR/TGvovpEkbhipfPdFnAXiFwvzaPZKwIe/KerqY9ELc1wx+AT2M+gSaY7+lUQF4ha4UBJnZ1drINTx3VtDR/ycf2UlV/R25uWI7HwT5WVPnmqfvyb+2hV94At8rAT0ryA+nHx3f0/BC9sU27wvTE9q+arfl6ssztkFc82veLRzu9XBjjKuKTxQrDnizM3MrtiyZAJ8415DAvopaRlBjgnp0wfjAnp/qSSUb5dPXC8179IdRLC36OD+7dGwtLQpP/SKNZcmlg17V4mUdZMSiDebeIkt+6N7YyWQR+16Anm9RC3rDIZl0DM53qe5unbZ6V9KjaFAomTddNRkXP2S6Kajsiq7NTlgJewlLl43JfM3GFfPTkyN94cOGRvtaQdO0sLnqXT64wT0OmkHl0H5Rril8bFeUyTByRE7U/pKCmRKOJYmiSC7t8uJ1EW/kqp2e6JinVRELCf8MEEPhzLFW51FpOxVKBDHypaWpjAqO3x+Ey4qpa+nQAJ6nTSEe/PpVixwQhl7Sty8TjJWzS7SWhqSIU2n3F/tSfWexPeq5Cp8IQG9MKk8I/wFrt4roEdxPXKiOotK2U+gQK8G0f6ejiwmXOqmJ5Cq0KVEwUJk8kzMzw9QEEm0RHQnJdsOp02j/sZBkwg3Q5qrJ/G9MZRNQK+HjpLQES1xstgtsdJSlDXrKSflPZECcZlyQEBvw/2VaJzE9xNJVvNiAnpNEh3OQLQTYpm1X1go5MPtucq/eiW64/6KNfWkff+6N52AXhf9mKHLc6rWeDtKIYySIq4uEhbK7DTtkufa/j4Fl7D5UdK+FyJdlUwJ6FUIU+00fa5d4Y0Au6WE82qkOvV55uVxtzx7B7BZ0MZApdRdT0vURLk6KMcmC3y1d8u+PZq5JpzXQcB6shoXl/OOvk75nm+X7ULavloP+Y7mTUA/SpEqv1EGmVJIGvdedT5S0sNVIVZDTvsQ2tvdEfq1vx/ap0H19IRNQK+DdnD0djlKGFDH85SxnTrKSFmLUaC8zCYrOe0pwFrOxfdi96dchymQgH6YHtV/HWgNXUjvkya4L+Potshb/Y505SspEJfZRoZ7bTlzT0iPPvm+suhrd3sCeo1XjpFMS1OL2VwTI2xKWyixiEuiZA3CNeBy1IP09bRfSv97DXjEcysiAf0EUkcjjV08lcrhI5xlety3pZ5wW7rUQApErn5jaiAQKHJ7ezdx9VPQNwH9CNEiuDm9K0MNPJ0QhOHGZH948lAODDVXNG4eJ5FH7k8/G0sB5+oH5lX34Z1R2+iCA84Y9CH/vhpb89UqLbmS0vt0TyYKJKDjXc3DD/BuIuu3vm65bB7tChOj/bK7Jhih633j99XqCpf5aZzud24OhqGhzvD2/VL4NLcaNjd3wr6QTth351jy/JOCP1R8kdca6MYNpGTDwpI95qQOadUHhzvDxFh/GBvpCbgjjik5fIyUuLjvfkWa+eHxZLg5tRHef/wSZj6vhvX1LQVyEuDlXbsF1GvjUbKjO/yOyr348Pkr/QuAs1SGaH6g4F/GvXvFvUfkr0yBCHEokZfMfZ4oU5n8yStNocv7cHHaNNDXJWOarnBrbSB8nFkRh18Jq+vbYQdpTO+XdxXf8+V9mvNr2dUHOoxaL964twQ8PJbs7Dj3xpR1QCL5xEi/Ag72BIIQxuTGMJ7PAZ4VFDOk7wuhAGNtfDe8F4sld78z3JoeNLAD+OWVLfn02zUvsi3NrRngrzePv9JAt7m3OgbJgixIe44L4R4t1wwrXNKUookOD7oxhufyTkRn4mMjRLyQ7LJKlLjYAyQrWuAvFtDzm0H63q1hifT9YW5+zUC/8GUjbG3uSqz3HYfNiPVKSHP6y59rk64s0AnvQyfYk5E0YX5atdtseLAjjIlzT4z2Hooo6hzCO4x3omvz/r/5B43vK77DttZWBdIYCFNaJVlY3NAcfiV8XlwLq2sS67U016RVk1Ym87KNIESzg/6bJ0PNB7hyQMdyCvF8e8fjbHdqpB+W/7EJeWzF4WC7HBnEFNdo09w7UuTb/S4D3qdYvNMRmc7yWd/YCXOKCT+3sBqWljfD5vaO5AFfWdHiiqWrDvhyr/9m37G/qeamfbOF3ra5mTaeSDwfF+ceH0E8xyVRJurxnBr++R3PfbOPnhp+jAKldyq82yqJ3jPegFiauymjmyWJ87MLcPmNsLq6KQMcdw3WLCVOjIbrOnv6FeJ9/D5W1Td14hsGuq9+Q20c/W/Lcg3PL6ODvWFivEdLY33mwDG+jSjaGd4z0Mdr6fsKUkDjOluKSXHVBGOnyOU3NrfD4pJAL06/sLwRNja2w+6BVmBam0OrxYKSW+8SWb59sH+TQDcNukZs4mmz/s3a99hEb5jS0hhr38fF86jAKb25dHCNKBC5fH6q1tXZHrom28OUYuZ9Wd3SfF6ivT7Ly1thi7m8xggcVLr+Tv2MGcE3nL4poMd1UdZKg9a/u+RPbHxEAFcIn0GJ59H9Mu/D11tRsPmo/g2/o9T0BlHA+wICvVIm4nEO5xZ8WKJjaW5uYS181mdFCrzt7T3ZWWg+L8RHBlPm9A1q2DkUc6mBns2+jQy2/q0QPcC2r7ddhi39ZtzSH7eMZsRygKf59zn0nW+0ikygzxhAnsu3traURPtNxbhflEg/J8u7xaX1sCbRnv3wzOWR7MsTR2bylx/6lxborhiRgu1ASyC4EZIYxfLYtLaJjktEP2zc4nIVo3Pi4N8o/i6o2fn+YkxenARmgukzU0E+aO3nJdbPA/ovm1qb39HCHJye/uYNj9LmBT1GzWovHdAjwdgaKh1baNMoy8aSG1obZf7Nb08SwbJ5kxM7o3jNR04ZEgUqUyCC1vsVKzPkc6397a7BcEtae+bz8xLr+SyvKI47y7ji8AfKy6Bh4r3uumxz+ksBdBPRs/Vvn3+7gm1U+7/ZhzyMK6H4FkTEvLjFq9AZ/0p/EwUaQIEIcIryvuacGyDH+fxdLdctaj4/Kyu8hUW3s9/d1VIdor3yXbb1+QsFOvMciIp56p72fZO6tOaJgm1alk0YuuQTIy358+KWX7ehN581HScKNIQC+b4W2Qm9DY38qMyn+WxvD5lob6BfXg+bWzu2nwIFXlNU4uke5/IXM5+/EKBH8cbsz1GwiaXji21ctufTE31y2u9eVnlTEdwcA/KUEgUuigJHux/A5xwOQ6cnBuyDpn5WZrfzWp9HzMcjDiyM+XwLprdibhcRCvpcgV4G+IGF2UHM6e/vsOWxaWnRCUUcU1l7Hs+k70SBy0WBCPzynJ7ddO36jIQ7NwbDwtKmRPsVifbrYVVae3ODJay3CvTnDfgzBDozbxdToufOXanP98XBW2R9hIUSe79ZJiP0TkxlgEcyxivpO1HgclLAJU3vr1F/hPuxcSmP+bA0Nze/avN5FHhbO7K1bxYOxOji3oyzfrIyws6gJltrFBXQoGPBxv7vwbEu4+AT2kV22IKt2vz7DBqWikwUOCMKxDm9zefF6vndI8OuHttCOyAuvx4+SYHHjrp1OcpgmQ7TXAP8Ga7HNxzobkiAnfCeNv8fmAKiU3HKRmV/DgdnBxmGCaQ4+kEMHxXPiPqp2ESBc6aA8fesU8d+Tr9HD8Xnizj7jPze4QrrizbX7OKEVDHmUOCdxRy+oUC3UUnS+t7eri149XS7Bh3x/NAOMo10CPX5JbNzfg+pukSBc6OAc3nsPlxvz28UznzYUcfGmo+zX2SMs27zeIJKItY3ci3+lEDPzb+xFlCKe8BRLBLAfhILNonnOPOLKf+gztPjlfSdKHDVKVCWWvPKO5aT2UI7rU1Z2Ni//7QcPku8Z/ssuiwcqDTCxPaUQJdhQAZwd9GEgq1Flmudtv49NtRrzvbjq8sGsgrr3zFH+k4UuD4UcIm+rLyDw7fJIQpLdPhQmJeW/t3HZS3RCfAWV8Dn8Ci3T7sKf0qg+xZR/J+jYBsZ7Q7T8tU1OthTmn9jreYAL49k1+dVpidNFChGAUCeV9yhrZ/UHH5MRmNzmsO/fr+o/fLrCiQCh9einMaH04j0hYEelwGIkEGwwY72tjA22Rtuaj8vJqo+D/GHy4voxR435UoUuL4UKCvuyswR/RXT31EBfmbuS3j1blG29RvG0c0bjshVD3evCXQAzu6SXe3Rc4C3avdYb7itvbuDmovnEwAH8HnQ56+n40SBRIGTKFCWfiOWMK6JG7reflwK794vm//6A7F2t7RDsQ3ky3qzSjVUBXpcJsOLKmvgOFlk99hRgLvYkdbAKxE3nUsUOC0FIrO06a9YPjYnD26PSqzvDS/fLoUPClqxoxh05gXHFHYn11QR6HKgI/9ZGieYg8tN8hgcXJrB8iaTKGIAcLXCZI+TK0pXEwUSBeqnAPAS2qTvcm7f090ZfvxuUiJ9T3j5+rP5vdsXM2duf9Lc/RDQ4zwcT6qEKWJ57O7NIXHyvlILGWFcPC+dSgeJAokCZ0gBQbzETB1/wRR2wwNd4dWbxfD6w1Jp/b2asq4EdEC+p3m4dozKVVNnuIPJntT9mOeRYgWMMCklCiQKXAwFIv7AI+L84wdjijDbHZ6/nJd57Vo4EIMm0ORR67pWRoCgiKJ4ymiTmH57eiDcuz1svrB5lKgUiBVczOOlWhMFEgXyFDCRXmjne2y4R8y5I/z1ci681fo7e0tQ4uVF+dY9/cJkdVBOHh7cGTEfWRRYXiLLF5+OEwUSBS4LBZhCg1Oth5mPux++mwp9fd3hTwF+U37r29rg7N5aie5NxsUf3RsrOVyMXPyyPFBqR6JAokBlCgB2zMkjZpHIe2RW+9tfswo/tS4DNkWT1fWml28/H9y9OWylIPfn5v12Lv1JFEgU+DYoAH6bmhzE69oD/8ufM2FW1nVskmnSSGDMPY4I38YjpVYmCiQKVKNAxPKOVs9+/XMuvP+w7ECPF6rdmM4nCiQKfFsUiJjm+9c/ZkKTbNcP0NyllCiQKHC1KJAHe0l0v1qPmJ4mUSBRAApEsKOQSylRIFHgilLAl+B8y8sVfcT0WIkCiQJQgKl54uipLyQKXAMKJKBfg5ecHjFRIAE99YFEgWtAgQT0a/CS0yMmCiSgpz6QKHANKJCAfg1ecnrERIEE9NQHEgWuAQUS0K/BS06PmCjwfwH7tqNDYxMZLQAAAABJRU5ErkJggg==', '');

--
-- Constraints for dumped tables
--

--
-- Constraints for table `favourite`
--
ALTER TABLE `favourite`
  ADD CONSTRAINT `favourite_ibfk_1` FOREIGN KEY (`userId`) REFERENCES `users` (`id`) ON DELETE CASCADE ON UPDATE CASCADE,
  ADD CONSTRAINT `favourite_ibfk_2` FOREIGN KEY (`spotId`) REFERENCES `spot` (`id`) ON DELETE CASCADE ON UPDATE CASCADE;

--
-- Constraints for table `issues`
--
ALTER TABLE `issues`
  ADD CONSTRAINT `issues_ibfk_1` FOREIGN KEY (`userId`) REFERENCES `users` (`id`) ON DELETE CASCADE ON UPDATE CASCADE,
  ADD CONSTRAINT `issues_ibfk_2` FOREIGN KEY (`spotId`) REFERENCES `spot` (`id`) ON DELETE CASCADE ON UPDATE CASCADE;

--
-- Constraints for table `spot`
--
ALTER TABLE `spot`
  ADD CONSTRAINT `spot_ibfk_1` FOREIGN KEY (`regionId`) REFERENCES `region` (`id`) ON DELETE CASCADE ON UPDATE CASCADE;

/*!40101 SET CHARACTER_SET_CLIENT=@OLD_CHARACTER_SET_CLIENT */;
/*!40101 SET CHARACTER_SET_RESULTS=@OLD_CHARACTER_SET_RESULTS */;
/*!40101 SET COLLATION_CONNECTION=@OLD_COLLATION_CONNECTION */;
